Workbook

Sheet 요약 및 분석
B1: ○ [FC사업부] 걸개처별 매출 추이 — 요약 및 분석
B2: 기준: 주간 '25.08.18 ~ '26.10.18 (61주) / 월간 2026년 1~9월 · 출처: FC사업부 Weekly Brand Tracking(261019) · 금액 단위: 백만원(셀 값은 원)
B4: 1. 핵심 지표
B5: 최근주 매출 (10/12~10/18) | E5: ='주별 매출'!BM5 -> 5010739067 | G5: 전주 대비 | J5: ='주별 매출'!BM5/'주별 매출'!BL5-1 -> -0.019555398
B6: 전년 동주 대비 | E6: ='주별 매출'!BM5/'주별 매출'!M5-1 -> 0.24146351 | G6: 최근 4주 매출 | J6: ='걸개처별 추이 요약'!M8 -> 19961978700
B7: 4주 증감률 (직전 4주 대비) | E7: ='걸개처별 추이 요약'!O8 -> -0.031377513 | G7: 9월 매출 | J7: ='월별 매출'!L5 -> 21340213998
B8: 9월 전월 대비 | E8: ='월별 매출'!U5 -> -0.062675873 | G8: 1~9월 누계 매출 | J8: ='월별 매출'!M5 -> 196906636099
B9: 1Q→3Q 월평균 증감률 | E9: ='걸개처별 추이 요약'!H8 -> 0.090428802 | G9: 상위 5개 걸개처 매출 비중 (최근 4주) | J9: =SUM('걸개처별 추이 요약'!R9:R13) -> 0.54300356
B11: 2. 월별 전체 매출 추이 (백만원)
B12: 구분 | D12: 1월 | E12: 2월 | F12: 3월 | G12: 4월 | H12: 5월 | I12: 6월 | J12: 7월 | K12: 8월 | L12: 9월
B13: 월 매출 | D13: ='월별 매출'!D5 -> 21750286263 | E13: ='월별 매출'!E5 -> 19295447144 | F13: ='월별 매출'!F5 -> 20923415382 | G13: ='월별 매출'!G5 -> 21599349179 | H13: ='월별 매출'!H5 -> 23431970830 | I13: ='월별 매출'!I5 -> 22333222631 | J13: ='월별 매출'!J5 -> 23465564667 | K13: ='월별 매출'!K5 -> 22767166005 | L13: ='월별 매출'!L5 -> 21340213998
B14: 전월 대비 | D14: - | E14: ='월별 매출'!N5 -> -0.11286468 | F14: ='월별 매출'!O5 -> 0.084370589 | G14: ='월별 매출'!P5 -> 0.032305137 | H14: ='월별 매출'!Q5 -> 0.084846151 | I14: ='월별 매출'!R5 -> -0.046890985 | J14: ='월별 매출'!S5 -> 0.050702134 | K14: ='월별 매출'!T5 -> -0.029762704 | L14: ='월별 매출'!U5 -> -0.062675873
B16: 3. 걸개처 추세 분포 (걸개처 수)
B17: 구분 | D17: ▲ 상승 | E17: ― 보합 | F17: ▼ 하락 | G17: ● 신규 발생 | H17: ■ 매출 중단
B18: 단기 (최근 4주 vs 직전 4주) | D18: =COUNTIF('걸개처별 추이 요약'!S9:S128,"▲*") -> 16 | E18: =COUNTIF('걸개처별 추이 요약'!S9:S128,"―*") -> 21 | F18: =COUNTIF('걸개처별 추이 요약'!S9:S128,"▼*") -> 55 | G18: =COUNTIF('걸개처별 추이 요약'!S9:S128,"●*") -> 1 | H18: =COUNTIF('걸개처별 추이 요약'!S9:S128,"■*") -> 3
B19: 장기 (1~3월 vs 7~9월 월평균) | D19: =COUNTIF('걸개처별 추이 요약'!T9:T128,"▲*") -> 29 | E19: =COUNTIF('걸개처별 추이 요약'!T9:T128,"―*") -> 15 | F19: =COUNTIF('걸개처별 추이 요약'!T9:T128,"▼*") -> 41 | G19: =COUNTIF('걸개처별 추이 요약'!T9:T128,"●*") -> 14 | H19: =COUNTIF('걸개처별 추이 요약'!T9:T128,"■*") -> 13
B20: ※ 증감률 ±5% 이상을 상승·하락으로 판정. 기간 내 매출이 없는 걸개처는 집계 제외.
B22: 4. 주요 분석
B23: 전체 흐름 | D23: 월 매출은 7월(234.7억)을 고점으로 8월 -3.0%, 9월 -6.3% 두 달 연속 감소. 다만 최근주 매출은 전년 동주 대비 +24%로 연간 성장세는 유지.
B24: 매출 집중도 | D24: 역전할머니맥주 1곳이 최근 4주 매출의 약 32%, 상위 5개 걸개처가 약 54%를 차지. 상위 걸개처 변동이 전체 실적을 좌우하는 구조.
B25: 성장 견인 | D25: 준코(신규, 월평균 5억→18억), 차얌·88핫도그(+76%), 숯토리(+64%), 경성맥주(+44%), 디케이푸드(+41%), 쥬씨(+30%)가 1Q 대비 3Q 성장을 견인.
B26: 구조적 하락 | D26: 미스앤미스터(-23%), 형제푸드(-21%), 함께그린(-17%), 서래식구들(-17%), 쓰리비플러스(-15%), 메이크어딜리버리(-12%), 킹콩(-11%)은 1Q 대비 3Q 월평균 감소. 메이크어딜리버리는 단기도 하락 지속.
B27: 단기 급감 | D27: 척척밥상(-29%), 오백국수(-17%), 디케이푸드(-17%), 치킨플러스(-13%)가 최근 4주 큰 폭 감소. 척척밥상은 9/21주 급감(0.45억) 후 회복 중.
B28: 신규 안착 | D28: 버거앤타코(8월 말 첫 매출 후 주 0.3억→0.5억), 콩시루(+22%), 후참잘(+10%)이 빠르게 매출 확대 중.
B29: 해석 주의 | D29: 지미존스·감자마켓 등은 주간 매출에 큰 음수(정산/차감 추정)가 있어 주간 증감률이 왜곡됨. 최근 4주에 추석 연휴 주(9/21~27)가 포함됨. → 5. 확인 필요 사항 참조
B30: ※ 본문 수치는 작성 시점(10/19) 데이터 기준 해석이며, 아래 표와 다른 시트의 수치는 수식으로 연동됨.
B32: 4-1. 주목할 걸개처 (수치는 요약 시트 연동)
C33: 구분 | D33: 본점명 | E33: 최근 4주 매출 | F33: 4주 증감률 | G33: 9월 매출 | H33: 9월 전월 대비 | I33: 1Q→3Q 증감률 | J33: 전년 동주 대비 | K33: 단기 추세 | L33: 장기 추세
C34: 장기 성장 | D34: 준코 대분류 | E34: =IFERROR(INDEX('걸개처별 추이 요약'!$M$9:$M$128,MATCH($D34,'걸개처별 추이 요약'!$D$9:$D$128,0)),"") -> 1741354296 | F34: =IFERROR(INDEX('걸개처별 추이 요약'!$O$9:$O$128,MATCH($D34,'걸개처별 추이 요약'!$D$9:$D$128,0)),"") -> 0.075191116 | G34: =IFERROR(INDEX('걸개처별 추이 요약'!$I$9:$I$128,MATCH($D34,'걸개처별 추이 요약'!$D$9:$D$128,0)),"") -> 1836670965 | H34: =IFERROR(INDEX('걸개처별 추이 요약'!$J$9:$J$128,MATCH($D34,'걸개처별 추이 요약'!$D$9:$D$128,0)),"") -> 0.018135291 | I34: =IFERROR(INDEX('걸개처별 추이 요약'!$H$9:$H$128,MATCH($D34,'걸개처별 추이 요약'!$D$9:$D$128,0)),"") -> 2.4454067 | J34: =IFERROR(INDEX('걸개처별 추이 요약'!$Q$9:$Q$128,MATCH($D34,'걸개처별 추이 요약'!$D$9:$D$128,0)),"") | K34: =IFERROR(INDEX('걸개처별 추이 요약'!$S$9:$S$128,MATCH($D34,'걸개처별 추이 요약'!$D$9:$D$128,0)),"") -> ▲ 상승 | L34: =IFERROR(INDEX('걸개처별 추이 요약'!$T$9:$T$128,MATCH($D34,'걸개처별 추이 요약'!$D$9:$D$128,0)),"") -> ▲ 상승
C35: 장기 성장 | D35: (유)가로수브랜딩_숯토리(대) | E35: =IFERROR(INDEX('걸개처별 추이 요약'!$M$9:$M$128,MATCH($D35,'걸개처별 추이 요약'!$D$9:$D$128,0)),"") -> 479753758 | F35: =IFERROR(INDEX('걸개처별 추이 요약'!$O$9:$O$128,MATCH($D35,'걸개처별 추이 요약'!$D$9:$D$128,0)),"") -> 0.076313365 | G35: =IFERROR(INDEX('걸개처별 추이 요약'!$I$9:$I$128,MATCH($D35,'걸개처별 추이 요약'!$D$9:$D$128,0)),"") -> 509432352 | H35: =IFERROR(INDEX('걸개처별 추이 요약'!$J$9:$J$128,MATCH($D35,'걸개처별 추이 요약'!$D$9:$D$128,0)),"") -> 0.066908304 | I35: =IFERROR(INDEX('걸개처별 추이 요약'!$H$9:$H$128,MATCH($D35,'걸개처별 추이 요약'!$D$9:$D$128,0)),"") -> 0.63644232 | J35: =IFERROR(INDEX('걸개처별 추이 요약'!$Q$9:$Q$128,MATCH($D35,'걸개처별 추이 요약'!$D$9:$D$128,0)),"") -> 1.1984789 | K35: =IFERROR(INDEX('걸개처별 추이 요약'!$S$9:$S$128,MATCH($D35,'걸개처별 추이 요약'!$D$9:$D$128,0)),"") -> ▲ 상승 | L35: =IFERROR(INDEX('걸개처별 추이 요약'!$T$9:$T$128,MATCH($D35,'걸개처별 추이 요약'!$D$9:$D$128,0)),"") -> ▲ 상승
C36: 장기 성장 | D36: 차얌,88핫도그_주식회사 프로젝트비_대분류 | E36: =IFERROR(INDEX('걸개처별 추이 요약'!$M$9:$M$128,MATCH($D36,'걸개처별 추이 요약'!$D$9:$D$128,0)),"") -> 150160541 | F36: =IFERROR(INDEX('걸개처별 추이 요약'!$O$9:$O$128,MATCH($D36,'걸개처별 추이 요약'!$D$9:$D$128,0)),"") -> -0.10708545 | G36: =IFERROR(INDEX('걸개처별 추이 요약'!$I$9:$I$128,MATCH($D36,'걸개처별 추이 요약'!$D$9:$D$128,0)),"") -> 178729832 | H36: =IFERROR(INDEX('걸개처별 추이 요약'!$J$9:$J$128,MATCH($D36,'걸개처별 추이 요약'!$D$9:$D$128,0)),"") -> -0.10606761 | I36: =IFERROR(INDEX('걸개처별 추이 요약'!$H$9:$H$128,MATCH($D36,'걸개처별 추이 요약'!$D$9:$D$128,0)),"") -> 0.76000305 | J36: =IFERROR(INDEX('걸개처별 추이 요약'!$Q$9:$Q$128,MATCH($D36,'걸개처별 추이 요약'!$D$9:$D$128,0)),"") -> -0.1474521 | K36: =IFERROR(INDEX('걸개처별 추이 요약'!$S$9:$S$128,MATCH($D36,'걸개처별 추이 요약'!$D$9:$D$128,0)),"") -> ▼ 하락 | L36: =IFERROR(INDEX('걸개처별 추이 요약'!$T$9:$T$128,MATCH($D36,'걸개처별 추이 요약'!$D$9:$D$128,0)),"") -> ▲ 상승
C37: 장기 성장 | D37: 경성맥주_대분류 | E37: =IFERROR(INDEX('걸개처별 추이 요약'!$M$9:$M$128,MATCH($D37,'걸개처별 추이 요약'!$D$9:$D$128,0)),"") -> 114330574 | F37: =IFERROR(INDEX('걸개처별 추이 요약'!$O$9:$O$128,MATCH($D37,'걸개처별 추이 요약'!$D$9:$D$128,0)),"") -> -0.074047176 | G37: =IFERROR(INDEX('걸개처별 추이 요약'!$I$9:$I$128,MATCH($D37,'걸개처별 추이 요약'!$D$9:$D$128,0)),"") -> 134444334 | H37: =IFERROR(INDEX('걸개처별 추이 요약'!$J$9:$J$128,MATCH($D37,'걸개처별 추이 요약'!$D$9:$D$128,0)),"") -> -0.11000045 | I37: =IFERROR(INDEX('걸개처별 추이 요약'!$H$9:$H$128,MATCH($D37,'걸개처별 추이 요약'!$D$9:$D$128,0)),"") -> 0.44256386 | J37: =IFERROR(INDEX('걸개처별 추이 요약'!$Q$9:$Q$128,MATCH($D37,'걸개처별 추이 요약'!$D$9:$D$128,0)),"") -> -0.084683624 | K37: =IFERROR(INDEX('걸개처별 추이 요약'!$S$9:$S$128,MATCH($D37,'걸개처별 추이 요약'!$D$9:$D$128,0)),"") -> ▼ 하락 | L37: =IFERROR(INDEX('걸개처별 추이 요약'!$T$9:$T$128,MATCH($D37,'걸개처별 추이 요약'!$D$9:$D$128,0)),"") -> ▲ 상승
C38: 신규 안착 | D38: 버거앤타코 | E38: =IFERROR(INDEX('걸개처별 추이 요약'!$M$9:$M$128,MATCH($D38,'걸개처별 추이 요약'!$D$9:$D$128,0)),"") -> 181559154 | F38: =IFERROR(INDEX('걸개처별 추이 요약'!$O$9:$O$128,MATCH($D38,'걸개처별 추이 요약'!$D$9:$D$128,0)),"") -> 5.3082639 | G38: =IFERROR(INDEX('걸개처별 추이 요약'!$I$9:$I$128,MATCH($D38,'걸개처별 추이 요약'!$D$9:$D$128,0)),"") -> 88518594 | H38: =IFERROR(INDEX('걸개처별 추이 요약'!$J$9:$J$128,MATCH($D38,'걸개처별 추이 요약'!$D$9:$D$128,0)),"") | I38: =IFERROR(INDEX('걸개처별 추이 요약'!$H$9:$H$128,MATCH($D38,'걸개처별 추이 요약'!$D$9:$D$128,0)),"") | J38: =IFERROR(INDEX('걸개처별 추이 요약'!$Q$9:$Q$128,MATCH($D38,'걸개처별 추이 요약'!$D$9:$D$128,0)),"") | K38: =IFERROR(INDEX('걸개처별 추이 요약'!$S$9:$S$128,MATCH($D38,'걸개처별 추이 요약'!$D$9:$D$128,0)),"") -> ▲ 상승 | L38: =IFERROR(INDEX('걸개처별 추이 요약'!$T$9:$T$128,MATCH($D38,'걸개처별 추이 요약'!$D$9:$D$128,0)),"") -> ● 신규 발생
C39: 장기 하락 | D39: FR_미스앤미스터 | E39: =IFERROR(INDEX('걸개처별 추이 요약'!$M$9:$M$128,MATCH($D39,'걸개처별 추이 요약'!$D$9:$D$128,0)),"") -> 646136281 | F39: =IFERROR(INDEX('걸개처별 추이 요약'!$O$9:$O$128,MATCH($D39,'걸개처별 추이 요약'!$D$9:$D$128,0)),"") -> 0.10191636 | G39: =IFERROR(INDEX('걸개처별 추이 요약'!$I$9:$I$128,MATCH($D39,'걸개처별 추이 요약'!$D$9:$D$128,0)),"") -> 648818993 | H39: =IFERROR(INDEX('걸개처별 추이 요약'!$J$9:$J$128,MATCH($D39,'걸개처별 추이 요약'!$D$9:$D$128,0)),"") -> 0.096185311 | I39: =IFERROR(INDEX('걸개처별 추이 요약'!$H$9:$H$128,MATCH($D39,'걸개처별 추이 요약'!$D$9:$D$128,0)),"") -> -0.22764203 | J39: =IFERROR(INDEX('걸개처별 추이 요약'!$Q$9:$Q$128,MATCH($D39,'걸개처별 추이 요약'!$D$9:$D$128,0)),"") -> -0.21419699 | K39: =IFERROR(INDEX('걸개처별 추이 요약'!$S$9:$S$128,MATCH($D39,'걸개처별 추이 요약'!$D$9:$D$128,0)),"") -> ▲ 상승 | L39: =IFERROR(INDEX('걸개처별 추이 요약'!$T$9:$T$128,MATCH($D39,'걸개처별 추이 요약'!$D$9:$D$128,0)),"") -> ▼ 하락
C40: 장기 하락 | D40: 메이크어딜리버리 대분류 | E40: =IFERROR(INDEX('걸개처별 추이 요약'!$M$9:$M$128,MATCH($D40,'걸개처별 추이 요약'!$D$9:$D$128,0)),"") -> 387374987 | F40: =IFERROR(INDEX('걸개처별 추이 요약'!$O$9:$O$128,MATCH($D40,'걸개처별 추이 요약'!$D$9:$D$128,0)),"") -> -0.056011633 | G40: =IFERROR(INDEX('걸개처별 추이 요약'!$I$9:$I$128,MATCH($D40,'걸개처별 추이 요약'!$D$9:$D$128,0)),"") -> 418767227 | H40: =IFERROR(INDEX('걸개처별 추이 요약'!$J$9:$J$128,MATCH($D40,'걸개처별 추이 요약'!$D$9:$D$128,0)),"") -> -0.17493845 | I40: =IFERROR(INDEX('걸개처별 추이 요약'!$H$9:$H$128,MATCH($D40,'걸개처별 추이 요약'!$D$9:$D$128,0)),"") -> -0.11739802 | J40: =IFERROR(INDEX('걸개처별 추이 요약'!$Q$9:$Q$128,MATCH($D40,'걸개처별 추이 요약'!$D$9:$D$128,0)),"") -> -0.2830737 | K40: =IFERROR(INDEX('걸개처별 추이 요약'!$S$9:$S$128,MATCH($D40,'걸개처별 추이 요약'!$D$9:$D$128,0)),"") -> ▼ 하락 | L40: =IFERROR(INDEX('걸개처별 추이 요약'!$T$9:$T$128,MATCH($D40,'걸개처별 추이 요약'!$D$9:$D$128,0)),"") -> ▼ 하락
C41: 장기 하락 | D41: 함께그린 대코드 | E41: =IFERROR(INDEX('걸개처별 추이 요약'!$M$9:$M$128,MATCH($D41,'걸개처별 추이 요약'!$D$9:$D$128,0)),"") -> 189562578 | F41: =IFERROR(INDEX('걸개처별 추이 요약'!$O$9:$O$128,MATCH($D41,'걸개처별 추이 요약'!$D$9:$D$128,0)),"") -> -0.056491331 | G41: =IFERROR(INDEX('걸개처별 추이 요약'!$I$9:$I$128,MATCH($D41,'걸개처별 추이 요약'!$D$9:$D$128,0)),"") -> 225175374 | H41: =IFERROR(INDEX('걸개처별 추이 요약'!$J$9:$J$128,MATCH($D41,'걸개처별 추이 요약'!$D$9:$D$128,0)),"") -> 0.043796826 | I41: =IFERROR(INDEX('걸개처별 추이 요약'!$H$9:$H$128,MATCH($D41,'걸개처별 추이 요약'!$D$9:$D$128,0)),"") -> -0.17184775 | J41: =IFERROR(INDEX('걸개처별 추이 요약'!$Q$9:$Q$128,MATCH($D41,'걸개처별 추이 요약'!$D$9:$D$128,0)),"") -> -0.43987854 | K41: =IFERROR(INDEX('걸개처별 추이 요약'!$S$9:$S$128,MATCH($D41,'걸개처별 추이 요약'!$D$9:$D$128,0)),"") -> ▼ 하락 | L41: =IFERROR(INDEX('걸개처별 추이 요약'!$T$9:$T$128,MATCH($D41,'걸개처별 추이 요약'!$D$9:$D$128,0)),"") -> ▼ 하락
C42: 장기 하락 | D42: 형제푸드 대코드 | E42: =IFERROR(INDEX('걸개처별 추이 요약'!$M$9:$M$128,MATCH($D42,'걸개처별 추이 요약'!$D$9:$D$128,0)),"") -> 56761865 | F42: =IFERROR(INDEX('걸개처별 추이 요약'!$O$9:$O$128,MATCH($D42,'걸개처별 추이 요약'!$D$9:$D$128,0)),"") -> -0.076494674 | G42: =IFERROR(INDEX('걸개처별 추이 요약'!$I$9:$I$128,MATCH($D42,'걸개처별 추이 요약'!$D$9:$D$128,0)),"") -> 63846025 | H42: =IFERROR(INDEX('걸개처별 추이 요약'!$J$9:$J$128,MATCH($D42,'걸개처별 추이 요약'!$D$9:$D$128,0)),"") -> -0.050528135 | I42: =IFERROR(INDEX('걸개처별 추이 요약'!$H$9:$H$128,MATCH($D42,'걸개처별 추이 요약'!$D$9:$D$128,0)),"") -> -0.207713 | J42: =IFERROR(INDEX('걸개처별 추이 요약'!$Q$9:$Q$128,MATCH($D42,'걸개처별 추이 요약'!$D$9:$D$128,0)),"") -> -0.29841667 | K42: =IFERROR(INDEX('걸개처별 추이 요약'!$S$9:$S$128,MATCH($D42,'걸개처별 추이 요약'!$D$9:$D$128,0)),"") -> ▼ 하락 | L42: =IFERROR(INDEX('걸개처별 추이 요약'!$T$9:$T$128,MATCH($D42,'걸개처별 추이 요약'!$D$9:$D$128,0)),"") -> ▼ 하락
C43: 단기 급감 | D43: 척척밥상 대코드 | E43: =IFERROR(INDEX('걸개처별 추이 요약'!$M$9:$M$128,MATCH($D43,'걸개처별 추이 요약'!$D$9:$D$128,0)),"") -> 908748440 | F43: =IFERROR(INDEX('걸개처별 추이 요약'!$O$9:$O$128,MATCH($D43,'걸개처별 추이 요약'!$D$9:$D$128,0)),"") -> -0.29353638 | G43: =IFERROR(INDEX('걸개처별 추이 요약'!$I$9:$I$128,MATCH($D43,'걸개처별 추이 요약'!$D$9:$D$128,0)),"") -> 1095470420 | H43: =IFERROR(INDEX('걸개처별 추이 요약'!$J$9:$J$128,MATCH($D43,'걸개처별 추이 요약'!$D$9:$D$128,0)),"") -> -0.15963276 | I43: =IFERROR(INDEX('걸개처별 추이 요약'!$H$9:$H$128,MATCH($D43,'걸개처별 추이 요약'!$D$9:$D$128,0)),"") -> 0.044576032 | J43: =IFERROR(INDEX('걸개처별 추이 요약'!$Q$9:$Q$128,MATCH($D43,'걸개처별 추이 요약'!$D$9:$D$128,0)),"") -> 0.034034 | K43: =IFERROR(INDEX('걸개처별 추이 요약'!$S$9:$S$128,MATCH($D43,'걸개처별 추이 요약'!$D$9:$D$128,0)),"") -> ▼ 하락 | L43: =IFERROR(INDEX('걸개처별 추이 요약'!$T$9:$T$128,MATCH($D43,'걸개처별 추이 요약'!$D$9:$D$128,0)),"") -> ― 보합
C44: 최대 비중 | D44: 역전할머니맥주 대 | E44: =IFERROR(INDEX('걸개처별 추이 요약'!$M$9:$M$128,MATCH($D44,'걸개처별 추이 요약'!$D$9:$D$128,0)),"") -> 6465640601 | F44: =IFERROR(INDEX('걸개처별 추이 요약'!$O$9:$O$128,MATCH($D44,'걸개처별 추이 요약'!$D$9:$D$128,0)),"") -> 0.0078801012 | G44: =IFERROR(INDEX('걸개처별 추이 요약'!$I$9:$I$128,MATCH($D44,'걸개처별 추이 요약'!$D$9:$D$128,0)),"") -> 7100651508 | H44: =IFERROR(INDEX('걸개처별 추이 요약'!$J$9:$J$128,MATCH($D44,'걸개처별 추이 요약'!$D$9:$D$128,0)),"") -> -0.066199697 | I44: =IFERROR(INDEX('걸개처별 추이 요약'!$H$9:$H$128,MATCH($D44,'걸개처별 추이 요약'!$D$9:$D$128,0)),"") -> 0.11388597 | J44: =IFERROR(INDEX('걸개처별 추이 요약'!$Q$9:$Q$128,MATCH($D44,'걸개처별 추이 요약'!$D$9:$D$128,0)),"") -> 0.31815919 | K44: =IFERROR(INDEX('걸개처별 추이 요약'!$S$9:$S$128,MATCH($D44,'걸개처별 추이 요약'!$D$9:$D$128,0)),"") -> ― 보합 | L44: =IFERROR(INDEX('걸개처별 추이 요약'!$T$9:$T$128,MATCH($D44,'걸개처별 추이 요약'!$D$9:$D$128,0)),"") -> ▲ 상승
B47: 5. 확인 필요 사항
B48: ※ 노란 칸(확인 결과·담당)에 확인 내용을 기입해 주세요.
B49: No | C49: 유형 | D49: 대상 | E49: 내용 | H49: 영향 | I49: 확인 요청 | K49: 확인 결과 | L49: 담당
B50: 1 | C50: 데이터 정합성 | D50: 후참잘 | E50: 주간은 B6135(후참잘 대분류), 월간은 S258544(3pl)만 집계. 9월 주간 합 약 7.3억 vs 월간 0.4억 | H50: 월간 매출 과소 → 장기 추세 "신규 발생"으로 오판 | I50: 월간 시트 집계 코드 통합 필요 여부
B51: 2 | C51: 데이터 정합성 | D51: 샤브온당 | E51: 주간 B6365 / 월간 S261783 코드 상이. 9월 주간 약 0.35억 vs 월간 0.02억 | H51: 월간 매출 과소 | I51: 동일 걸개처 여부 및 코드 정리
B52: 3 | C52: 데이터 정합성 | D52: 지미존스 | E52: 매월 말 주차에 -0.9~-1.6억 음수 매출 반복(최근 10/1주 -1.38억) | H52: 주간 증감률 왜곡(최근 4주 -32%는 실제 감소 아님 가능성) | I52: 음수 성격(정산·리베이트·반품) 확인, 주간 분석 시 처리 기준
B53: 4 | C53: 데이터 정합성 | D53: 감자마켓 | E53: 10월 1주(9/28~10/4) -7,476만원 음수 매출 | H53: 최근 4주 증감률 왜곡 | I53: 일회성 반품/정정 여부
B54: 5 | C54: 데이터 정합성 | D54: 추석 주 (9/21~27) | E54: 주문수 9,438건(평시 약 1.3만)인데 매출 54.5억으로 높고 객단가 57.8만원(평시 약 38만) | H54: 단기 추세 판정 영향 | I54: 연휴 전 선발주 반영인지, 집계 기간 오류인지
B55: 6 | C55: 코드 정리 | D55: 돈카춘 | E55: S227002(1~4월) → S254367(5월~)로 코드 변경. 분석에서는 합산 처리 | H55: 합산하지 않으면 추세 단절 | I55: 합산 처리 적정성
B56: 7 | C56: 코드 정리 | D56: 무마진덮밥 | E56: S193761 / S252670 월별로 번갈아 매출 발생. 분석에서는 합산 처리 | H56: 합산하지 않으면 추세 단절 | I56: 합산 처리 적정성
B57: 8 | C57: 코드 정리 | D57: 한둘카츠 | E57: S223635(1~2월) → 한둘카츠(대)_위드인푸드 S248539(3~7월)로 이관된 것으로 보임. 8월 이후 매출 0 | H57: 별도 행으로 관리 중 | I57: 동일 걸개처 여부, 8월 이후 거래 상태
B58: 9 | C58: 영업 확인 | D58: 트리플 | E58: 9/14주 100만원으로 급감 후 9/21주부터 매출 0 (그 전 주당 0.14~0.23억) | H58: 매출 중단 판정 | I58: 거래 종료/일시 중단 여부
B59: 10 | C59: 영업 확인 | D59: 카쿠레가 | E59: 4월 말 이후 매출 없음(소액 음수만 발생) | H59: 매출 중단 | I59: 거래 종료 여부
B60: 11 | C60: 영업 확인 | D60: 에쓰와이푸드(만선집), 꼬알라파이 | E60: 최근 4주 매출 0 | H60: 매출 중단 판정 | I60: 거래 상태 확인
B61: 12 | C61: 영업 확인 | D61: 척척밥상 · 오백국수 · 디케이푸드 · 치킨플러스 | E61: 최근 4주 -13~-29% 감소 | H61: 상위권 걸개처 매출 감소 | I61: 감소 원인(점포 이탈·발주 변화 등)
... B66: 17 | C66: 원본 서식 | D66: 스마트푸드네트웍스_FC | E66: 월간 매장수 1개인데 매출 0, 주간에는 소액 매출 발생 | H66: 소액, 영향 미미 | I66: 집계 기준 확인

Sheet 걸개처별 추이 요약
A1: ○ [FC사업부] 걸개처별 매출 추이 요약
A2: 기준: 최근주 2026.10.12~10.18 / 월간 2026.1~9월 · 금액 단위 백만원(셀 값은 원 단위) · 추세 기준: 증감률 ±5% 이상 상승·하락, 그 사이 보합
B3: 최근주 전체 매출 | D3: 전주 대비 | F3: 전년 동주 대비 | H3: 9월 전월 대비 | J3: 단기 상승 걸개처 수 | L3: 단기 하락 걸개처 수
B4: ='주별 매출'!BM5 -> 5010739067 | D4: ='주별 매출'!BM5/'주별 매출'!BL5-1 -> -0.019555398 | F4: ='주별 매출'!BM5/'주별 매출'!M5-1 -> 0.24146351 | H4: ='월별 매출'!U5 -> -0.062675873 | J4: =COUNTIF(S9:S500,"▲*") -> 16 | L4: =COUNTIF(S9:S500,"▼*") -> 55
F6: 월간 추이 (Monthly) | K6: 주간 추이 (Weekly)
A7: 순위 | B7: 구분 | C7: 본점코드 | D7: 본점명 | E7: 매장수 (최근주) | F7: 1Q 월평균 (1~3월) | G7: 3Q 월평균 (7~9월) | H7: 1Q→3Q 증감률 | I7: 9월 매출 | J7: 9월 전월 대비 | K7: 최근주 매출 | L7: 전주 대비 | M7: 최근 4주 매출 | N7: 직전 4주 매출 | O7: 4주 증감률 | P7: 전년 동주 매출 | Q7: 전년 동주 대비 | R7: 최근 4주 매출 비중 | S7: 단기 추세 (4주) | T7: 장기 추세 (1Q→3Q) | U7: 비고
B8: 전체 | D8: 합계 (120개 걸개처) | E8: ='주별 매출'!D5 -> 3976 | F8: =AVERAGE('월별 매출'!D5:F5) -> 2.0656383e+10 | G8: =AVERAGE('월별 매출'!J5:L5) -> 22524314890 | H8: =IF(F8=0,"",G8/F8-1) -> 0.090428802 | I8: ='월별 매출'!L5 -> 21340213998 | J8: ='월별 매출'!U5 -> -0.062675873 | K8: ='주별 매출'!BM5 -> 5010739067 | L8: =IF('주별 매출'!BL5=0,"",K8/'주별 매출'!BL5-1) -> -0.019555398 | M8: =SUM('주별 매출'!BJ5:BM5) -> 19961978700 | N8: =SUM('주별 매출'!BF5:BI5) -> 20608626137 | O8: =IF(N8=0,"",M8/N8-1) -> -0.031377513 | P8: ='주별 매출'!M5 -> 4036154931 | Q8: =IF(P8=0,"",K8/P8-1) -> 0.24146351 | R8: =IF($M$8=0,"",M8/$M$8) -> 1 | S8: =IF(AND(M8=0,N8=0),"-",IF(N8=0,"-",IF(M8=0,"■ 매출 중단",IF(O8>=0.05,"▲ 상승",IF(O8<=-0.05,"▼ 하락","― 보합"))))) -> ― 보합 | T8: =IF(AND(F8=0,G8=0),"-",IF(F8=0,"-",IF(G8=0,"■ 매출 중단",IF(H8>=0.05,"▲ 상승",IF(H8<=-0.05,"▼ 하락","― 보합"))))) -> ▲ 상승 | U8: 후참잘·샤브온당은 월간 코드 차이로 월간 합계에 일부만 포함
A9: 1 | B9: 기존 | C9: S82657 | D9: 역전할머니맥주 대 | E9: ='주별 매출'!D81 -> 970 | F9: =AVERAGE('월별 매출'!D81:F81) -> 6711224359 | G9: =AVERAGE('월별 매출'!J81:L81) -> 7475538636 | H9: =IF(F9=0,"",G9/F9-1) -> 0.11388597 | I9: ='월별 매출'!L81 -> 7100651508 | J9: ='월별 매출'!U81 -> -0.066199697 | K9: ='주별 매출'!BM81 -> 1540682457 | L9: =IF('주별 매출'!BL81=0,"",K9/'주별 매출'!BL81-1) -> -0.022711307 | M9: =SUM('주별 매출'!BJ81:BM81) -> 6465640601 | N9: =SUM('주별 매출'!BF81:BI81) -> 6415089050 | O9: =IF(N9=0,"",M9/N9-1) -> 0.0078801012 | P9: ='주별 매출'!M81 -> 1168813651 | Q9: =IF(P9=0,"",K9/P9-1) -> 0.31815919 | R9: =IF($M$8=0,"",M9/$M$8) -> 0.32389778 | S9: =IF(AND(M9=0,N9=0),"-",IF(N9=0,"● 신규 발생",IF(M9=0,"■ 매출 중단",IF(O9>=0.05,"▲ 상승",IF(O9<=-0.05,"▼ 하락","― 보합"))))) -> ― 보합 | T9: =IF(AND(F9=0,G9=0),"-",IF(F9=0,"● 신규 발생",IF(G9=0,"■ 매출 중단",IF(H9>=0.05,"▲ 상승",IF(H9<=-0.05,"▼ 하락","― 보합"))))) -> ▲ 상승
A10: 2 | B10: 신규 | C10: S90525 | D10: 준코 대분류 | E10: ='주별 매출'!D11 -> 136 | F10: =AVERAGE('월별 매출'!D11:F11) -> 5.2434492e+08 | G10: =AVERAGE('월별 매출'!J11:L11) -> 1.8065815e+09 | H10: =IF(F10=0,"",G10/F10-1) -> 2.4454067 | I10: ='월별 매출'!L11 -> 1836670965 | J10: ='월별 매출'!U11 -> 0.018135291 | K10: ='주별 매출'!BM11 -> 381044155 | L10: =IF('주별 매출'!BL11=0,"",K10/'주별 매출'!BL11-1) -> -0.1246303 | M10: =SUM('주별 매출'!BJ11:BM11) -> 1741354296 | N10: =SUM('주별 매출'!BF11:BI11) -> 1619576529 | O10: =IF(N10=0,"",M10/N10-1) -> 0.075191116 | P10: ='주별 매출'!M11 -> 0 | Q10: =IF(P10=0,"",K10/P10-1) | R10: =IF($M$8=0,"",M10/$M$8) -> 0.087233551 | S10: =IF(AND(M10=0,N10=0),"-",IF(N10=0,"● 신규 발생",IF(M10=0,"■ 매출 중단",IF(O10>=0.05,"▲ 상승",IF(O10<=-0.05,"▼ 하락","― 보합"))))) -> ▲ 상승 | T10: =IF(AND(F10=0,G10=0),"-",IF(F10=0,"● 신규 발생",IF(G10=0,"■ 매출 중단",IF(H10>=0.05,"▲ 상승",IF(H10<=-0.05,"▼ 하락","― 보합"))))) -> ▲ 상승
A11: 3 | B11: 기존 | C11: S81737 | D11: 족발야시장_대분류 (무청감자탕 통합) | E11: ='주별 매출'!D79 -> 196 | F11: =AVERAGE('월별 매출'!D79:F79) -> 1.096716e+09 | G11: =AVERAGE('월별 매출'!J79:L79) -> 1.0608767e+09 | H11: =IF(F11=0,"",G11/F11-1) -> -0.032678792 | I11: ='월별 매출'!L79 -> 1033837396 | J11: ='월별 매출'!U79 -> -0.035304407 | K11: ='주별 매출'!BM79 -> 223985928 | L11: =IF('주별 매출'!BL79=0,"",K11/'주별 매출'!BL79-1) -> -0.051835623 | M11: =SUM('주별 매출'!BJ79:BM79) -> 914475895 | N11: =SUM('주별 매출'!BF79:BI79) -> 967116026 | O11: =IF(N11=0,"",M11/N11-1) -> -0.054430006 | P11: ='주별 매출'!M79 -> 269882111 | Q11: =IF(P11=0,"",K11/P11-1) -> -0.17006012 | R11: =IF($M$8=0,"",M11/$M$8) -> 0.045810884 | S11: =IF(AND(M11=0,N11=0),"-",IF(N11=0,"● 신규 발생",IF(M11=0,"■ 매출 중단",IF(O11>=0.05,"▲ 상승",IF(O11<=-0.05,"▼ 하락","― 보합"))))) -> ▼ 하락 | T11: =IF(AND(F11=0,G11=0),"-",IF(F11=0,"● 신규 발생",IF(G11=0,"■ 매출 중단",IF(H11>=0.05,"▲ 상승",IF(H11<=-0.05,"▼ 하락","― 보합"))))) -> ― 보합
A12: 4 | B12: 기존 | C12: S233197 | D12: 척척밥상 대코드 | E12: ='주별 매출'!D51 -> 32 | F12: =AVERAGE('월별 매출'!D51:F51) -> 1.2515318e+09 | G12: =AVERAGE('월별 매출'!J51:L51) -> 1.3073202e+09 | H12: =IF(F12=0,"",G12/F12-1) -> 0.044576032 | I12: ='월별 매출'!L51 -> 1095470420 | J12: ='월별 매출'!U51 -> -0.15963276 | K12: ='주별 매출'!BM51 -> 317159870 | L12: =IF('주별 매출'!BL51=0,"",K12/'주별 매출'!BL51-1) -> 0.046081154 | M12: =SUM('주별 매출'!BJ51:BM51) -> 908748440 | N12: =SUM('주별 매출'!BF51:BI51) -> 1286334370 | O12: =IF(N12=0,"",M12/N12-1) -> -0.29353638 | P12: ='주별 매출'!M51 -> 306720930 | Q12: =IF(P12=0,"",K12/P12-1) -> 0.034034 | R12: =IF($M$8=0,"",M12/$M$8) -> 0.045523966 | S12: =IF(AND(M12=0,N12=0),"-",IF(N12=0,"● 신규 발생",IF(M12=0,"■ 매출 중단",IF(O12>=0.05,"▲ 상승",IF(O12<=-0.05,"▼ 하락","― 보합"))))) -> ▼ 하락 | T12: =IF(AND(F12=0,G12=0),"-",IF(F12=0,"● 신규 발생",IF(G12=0,"■ 매출 중단",IF(H12>=0.05,"▲ 상승",IF(H12<=-0.05,"▼ 하락","― 보합"))))) -> ― 보합
A13: 5 | B13: 기존 | C13: S215014 | D13: 아이센스 (대) | E13: ='주별 매출'!D32 -> 289 | F13: =AVERAGE('월별 매출'!D32:F32) -> 9.7220503e+08 | G13: =AVERAGE('월별 매출'!J32:L32) -> 1.0527717e+09 | H13: =IF(F13=0,"",G13/F13-1) -> 0.082870077 | I13: ='월별 매출'!L32 -> 923064584 | J13: ='월별 매출'!U32 -> -0.14995656 | K13: ='주별 매출'!BM32 -> 175392743 | L13: =IF('주별 매출'!BL32=0,"",K13/'주별 매출'!BL32-1) -> -0.12053544 | M13: =SUM('주별 매출'!BJ32:BM32) -> 809206366 | N13: =SUM('주별 매출'!BF32:BI32) -> 838879714 | O13: =IF(N13=0,"",M13/N13-1) -> -0.03537259 | P13: ='주별 매출'!M32 -> 188069686 | Q13: =IF(P13=0,"",K13/P13-1) -> -0.067405563 | R13: =IF($M$8=0,"",M13/$M$8) -> 0.040537382 | S13: =IF(AND(M13=0,N13=0),"-",IF(N13=0,"● 신규 발생",IF(M13=0,"■ 매출 중단",IF(O13>=0.05,"▲ 상승",IF(O13<=-0.05,"▼ 하락","― 보합"))))) -> ― 보합 | T13: =IF(AND(F13=0,G13=0),"-",IF(F13=0,"● 신규 발생",IF(G13=0,"■ 매출 중단",IF(H13>=0.05,"▲ 상승",IF(H13<=-0.05,"▼ 하락","― 보합"))))) -> ▲ 상승
A14: 6 | B14: 신규 | C14: B6135 | D14: 후참잘 대분류 | E14: ='주별 매출'!D24 -> 65 | F14: =AVERAGE('월별 매출'!D24:F24) -> 0 | G14: =AVERAGE('월별 매출'!J24:L24) -> 43442000 | H14: =IF(F14=0,"",G14/F14-1) | I14: ='월별 매출'!L24 -> 43500000 | J14: ='월별 매출'!U24 -> 0.0017040483 | K14: ='주별 매출'!BM24 -> 199827991 | L14: =IF('주별 매출'!BL24=0,"",K14/'주별 매출'!BL24-1) -> 0.15272184 | M14: =SUM('주별 매출'!BJ24:BM24) -> 753313179 | N14: =SUM('주별 매출'!BF24:BI24) -> 682285288 | O14: =IF(N14=0,"",M14/N14-1) -> 0.10410292 | P14: ='주별 매출'!M24 -> 0 | Q14: =IF(P14=0,"",K14/P14-1) | R14: =IF($M$8=0,"",M14/$M$8) -> 0.0377374 | S14: =IF(AND(M14=0,N14=0),"-",IF(N14=0,"● 신규 발생",IF(M14=0,"■ 매출 중단",IF(O14>=0.05,"▲ 상승",IF(O14<=-0.05,"▼ 하락","― 보합"))))) -> ▲ 상승 | T14: =IF(AND(F14=0,G14=0),"-",IF(F14=0,"● 신규 발생",IF(G14=0,"■ 매출 중단",IF(H14>=0.05,"▲ 상승",IF(H14<=-0.05,"▼ 하락","― 보합"))))) -> ● 신규 발생 | U14: 월간 시트는 3PL 코드(S258544, 후참잘 대분류(3pl))만 집계되어 주간 대비 월 매출이 과소 계상됨
A15: 7 | B15: 기존 | C15: S95143 | D15: FR_미스앤미스터 | E15: ='주별 매출'!D97 -> 150 | F15: =AVERAGE('월별 매출'!D97:F97) -> 8.0304932e+08 | G15: =AVERAGE('월별 매출'!J97:L97) -> 620241541 | H15: =IF(F15=0,"",G15/F15-1) -> -0.22764203 | I15: ='월별 매출'!L97 -> 648818993 | J15: ='월별 매출'!U97 -> 0.096185311 | K15: ='주별 매출'!BM97 -> 164270230 | L15: =IF('주별 매출'!BL97=0,"",K15/'주별 매출'!BL97-1) -> -0.017884809 | M15: =SUM('주별 매출'!BJ97:BM97) -> 646136281 | N15: =SUM('주별 매출'!BF97:BI97) -> 586375069 | O15: =IF(N15=0,"",M15/N15-1) -> 0.10191636 | P15: ='주별 매출'!M97 -> 209047596 | Q15: =IF(P15=0,"",K15/P15-1) -> -0.21419699 | R15: =IF($M$8=0,"",M15/$M$8) -> 0.032368348 | S15: =IF(AND(M15=0,N15=0),"-",IF(N15=0,"● 신규 발생",IF(M15=0,"■ 매출 중단",IF(O15>=0.05,"▲ 상승",IF(O15<=-0.05,"▼ 하락","― 보합"))))) -> ▲ 상승 | T15: =IF(AND(F15=0,G15=0),"-",IF(F15=0,"● 신규 발생",IF(G15=0,"■ 매출 중단",IF(H15>=0.05,"▲ 상승",IF(H15<=-0.05,"▼ 하락","― 보합"))))) -> ▼ 하락
A16: 8 | B16: 기존 | C16: S97169 | D16: 달떡볶이 대코드 | E16: ='주별 매출'!D100 -> 90 | F16: =AVERAGE('월별 매출'!D100:F100) -> 617402637 | G16: =AVERAGE('월별 매출'!J100:L100) -> 6.6912545e+08 | H16: =IF(F16=0,"",G16/F16-1) -> 0.083774857 | I16: ='월별 매출'!L100 -> 647505974 | J16: ='월별 매출'!U100 -> -0.039924969 | K16: ='주별 매출'!BM100 -> 159596324 | L16: =IF('주별 매출'!BL100=0,"",K16/'주별 매출'!BL100-1) -> -0.012265855 | M16: =SUM('주별 매출'!BJ100:BM100) -> 618991241 | N16: =SUM('주별 매출'!BF100:BI100) -> 611951290 | O16: =IF(N16=0,"",M16/N16-1) -> 0.011504104 | P16: ='주별 매출'!M100 -> 141221320 | Q16: =IF(P16=0,"",K16/P16-1) -> 0.13011494 | R16: =IF($M$8=0,"",M16/$M$8) -> 0.031008511 | S16: =IF(AND(M16=0,N16=0),"-",IF(N16=0,"● 신규 발생",IF(M16=0,"■ 매출 중단",IF(O16>=0.05,"▲ 상승",IF(O16<=-0.05,"▼ 하락","― 보합"))))) -> ― 보합 | T16: =IF(AND(F16=0,G16=0),"-",IF(F16=0,"● 신규 발생",IF(G16=0,"■ 매출 중단",IF(H16>=0.05,"▲ 상승",IF(H16<=-0.05,"▼ 하락","― 보합"))))) -> ▲ 상승
A17: 9 | B17: 기존 | C17: S236674 | D17: 치킨플러스 대분류 | E17: ='주별 매출'!D56 -> 121 | F17: =AVERAGE('월별 매출'!D56:F56) -> 7.8657774e+08 | G17: =AVERAGE('월별 매출'!J56:L56) -> 7.5335595e+08 | H17: =IF(F17=0,"",G17/F17-1) -> -0.042235856 | I17: ='월별 매출'!L56 -> 647185061 | J17: ='월별 매출'!U56 -> -0.1784791 | K17: ='주별 매출'!BM56 -> 125441955 | L17: =IF('주별 매출'!BL56=0,"",K17/'주별 매출'!BL56-1) -> -0.080898333 | M17: =SUM('주별 매출'!BJ56:BM56) -> 535553088 | N17: =SUM('주별 매출'!BF56:BI56) -> 614293428 | O17: =IF(N17=0,"",M17/N17-1) -> -0.12818034 | P17: ='주별 매출'!M56 -> 0 | Q17: =IF(P17=0,"",K17/P17-1) | R17: =IF($M$8=0,"",M17/$M$8) -> 0.026828657 | S17: =IF(AND(M17=0,N17=0),"-",IF(N17=0,"● 신규 발생",IF(M17=0,"■ 매출 중단",IF(O17>=0.05,"▲ 상승",IF(O17<=-0.05,"▼ 하락","― 보합"))))) -> ▼ 하락 | T17: =IF(AND(F17=0,G17=0),"-",IF(F17=0,"● 신규 발생",IF(G17=0,"■ 매출 중단",IF(H17>=0.05,"▲ 상승",IF(H17<=-0.05,"▼ 하락","― 보합"))))) -> ― 보합
A18: 10 | B18: 기존 | C18: S234496 | D18: 킹콩 대코드 | E18: ='주별 매출'!D54 -> 98 | F18: =AVERAGE('월별 매출'!D54:F54) -> 6.0879977e+08 | G18: =AVERAGE('월별 매출'!J54:L54) -> 5.3997587e+08 | H18: =IF(F18=0,"",G18/F18-1) -> -0.11304849 | I18: ='월별 매출'!L54 -> 537800968 | J18: ='월별 매출'!U54 -> 0.0080390765 | K18: ='주별 매출'!BM54 -> 130932050 | L18: =IF('주별 매출'!BL54=0,"",K18/'주별 매출'!BL54-1) -> 0.023052737 | M18: =SUM('주별 매출'!BJ54:BM54) -> 491718808 | N18: =SUM('주별 매출'!BF54:BI54) -> 511015645 | O18: =IF(N18=0,"",M18/N18-1) -> -0.037761734 | P18: ='주별 매출'!M54 -> 0 | Q18: =IF(P18=0,"",K18/P18-1) | R18: =IF($M$8=0,"",M18/$M$8) -> 0.024632769 | S18: =IF(AND(M18=0,N18=0),"-",IF(N18=0,"● 신규 발생",IF(M18=0,"■ 매출 중단",IF(O18>=0.05,"▲ 상승",IF(O18<=-0.05,"▼ 하락","― 보합"))))) -> ― 보합 | T18: =IF(AND(F18=0,G18=0),"-",IF(F18=0,"● 신규 발생",IF(G18=0,"■ 매출 중단",IF(H18>=0.05,"▲ 상승",IF(H18<=-0.05,"▼ 하락","― 보합"))))) -> ▼ 하락
A19: 11 | B19: 기존 | C19: S206764 | D19: (유)가로수브랜딩_숯토리(대) | E19: ='주별 매출'!D70 -> 65 | F19: =AVERAGE('월별 매출'!D70:F70) -> 2.9532889e+08 | G19: =AVERAGE('월별 매출'!J70:L70) -> 483288698 | H19: =IF(F19=0,"",G19/F19-1) -> 0.63644232 | I19: ='월별 매출'!L70 -> 509432352 | J19: ='월별 매출'!U70 -> 0.066908304 | K19: ='주별 매출'!BM70 -> 108601911 | L19: =IF('주별 매출'!BL70=0,"",K19/'주별 매출'!BL70-1) -> -0.08214405 | M19: =SUM('주별 매출'!BJ70:BM70) -> 479753758 | N19: =SUM('주별 매출'!BF70:BI70) -> 445737992 | O19: =IF(N19=0,"",M19/N19-1) -> 0.076313365 | P19: ='주별 매출'!M70 -> 49398660 | Q19: =IF(P19=0,"",K19/P19-1) -> 1.1984789 | R19: =IF($M$8=0,"",M19/$M$8) -> 0.024033377 | S19: =IF(AND(M19=0,N19=0),"-",IF(N19=0,"● 신규 발생",IF(M19=0,"■ 매출 중단",IF(O19>=0.05,"▲ 상승",IF(O19<=-0.05,"▼ 하락","― 보합"))))) -> ▲ 상승 | T19: =IF(AND(F19=0,G19=0),"-",IF(F19=0,"● 신규 발생",IF(G19=0,"■ 매출 중단",IF(H19>=0.05,"▲ 상승",IF(H19<=-0.05,"▼ 하락","― 보합"))))) -> ▲ 상승
A20: 12 | B20: 기존 | C20: S101744 | D20: 화락바베큐 대 (HFBG 주식회사) | E20: ='주별 매출'!D61 -> 156 | F20: =AVERAGE('월별 매출'!D61:F61) -> 466913743 | G20: =AVERAGE('월별 매출'!J61:L61) -> 4.7995895e+08 | H20: =IF(F20=0,"",G20/F20-1) -> 0.027939213 | I20: ='월별 매출'!L61 -> 471967420 | J20: ='월별 매출'!U61 -> 0.016231627 | K20: ='주별 매출'!BM61 -> 105584297 | L20: =IF('주별 매출'!BL61=0,"",K20/'주별 매출'!BL61-1) -> 0.073701973 | M20: =SUM('주별 매출'!BJ61:BM61) -> 418475423 | N20: =SUM('주별 매출'!BF61:BI61) -> 428508845 | O20: =IF(N20=0,"",M20/N20-1) -> -0.023414737 | P20: ='주별 매출'!M61 -> 207243968 | Q20: =IF(P20=0,"",K20/P20-1) -> -0.49053139 | R20: =IF($M$8=0,"",M20/$M$8) -> 0.020963624 | S20: =IF(AND(M20=0,N20=0),"-",IF(N20=0,"● 신규 발생",IF(M20=0,"■ 매출 중단",IF(O20>=0.05,"▲ 상승",IF(O20<=-0.05,"▼ 하락","― 보합"))))) -> ― 보합 | T20: =IF(AND(F20=0,G20=0),"-",IF(F20=0,"● 신규 발생",IF(G20=0,"■ 매출 중단",IF(H20>=0.05,"▲ 상승",IF(H20<=-0.05,"▼ 하락","― 보합"))))) -> ― 보합
A21: 13 | B21: 기존 | C21: S94835 | D21: 메이크어딜리버리 대분류 | E21: ='주별 매출'!D95 -> 36 | F21: =AVERAGE('월별 매출'!D95:F95) -> 5.4393103e+08 | G21: =AVERAGE('월별 매출'!J95:L95) -> 4.800746e+08 | H21: =IF(F21=0,"",G21/F21-1) -> -0.11739802 | I21: ='월별 매출'!L95 -> 418767227 | J21: ='월별 매출'!U95 -> -0.17493845 | K21: ='주별 매출'!BM95 -> 104431901 | L21: =IF('주별 매출'!BL95=0,"",K21/'주별 매출'!BL95-1) -> 0.077616475 | M21: =SUM('주별 매출'!BJ95:BM95) -> 387374987 | N21: =SUM('주별 매출'!BF95:BI95) -> 410359916 | O21: =IF(N21=0,"",M21/N21-1) -> -0.056011633 | P21: ='주별 매출'!M95 -> 145666160 | Q21: =IF(P21=0,"",K21/P21-1) -> -0.2830737 | R21: =IF($M$8=0,"",M21/$M$8) -> 0.019405641 | S21: =IF(AND(M21=0,N21=0),"-",IF(N21=0,"● 신규 발생",IF(M21=0,"■ 매출 중단",IF(O21>=0.05,"▲ 상승",IF(O21<=-0.05,"▼ 하락","― 보합"))))) -> ▼ 하락 | T21: =IF(AND(F21=0,G21=0),"-",IF(F21=0,"● 신규 발생",IF(G21=0,"■ 매출 중단",IF(H21>=0.05,"▲ 상승",IF(H21<=-0.05,"▼ 하락","― 보합"))))) -> ▼ 하락
A22: 14 | B22: 기존 | C22: S226276 | D22: 구도로통닭(대) | E22: ='주별 매출'!D43 -> 44 | F22: =AVERAGE('월별 매출'!D43:F43) -> 3.4065639e+08 | G22: =AVERAGE('월별 매출'!J43:L43) -> 387494188 | H22: =IF(F22=0,"",G22/F22-1) -> 0.1374928 | I22: ='월별 매출'!L43 -> 357564124 | J22: ='월별 매출'!U43 -> -0.11140972 | K22: ='주별 매출'!BM43 -> 78571576 | L22: =IF('주별 매출'!BL43=0,"",K22/'주별 매출'!BL43-1) -> -0.11057793 | M22: =SUM('주별 매출'!BJ43:BM43) -> 337270983 | N22: =SUM('주별 매출'!BF43:BI43) -> 336070619 | O22: =IF(N22=0,"",M22/N22-1) -> 0.0035717612 | P22: ='주별 매출'!M43 -> 85421905 | Q22: =IF(P22=0,"",K22/P22-1) -> -0.080194056 | R22: =IF($M$8=0,"",M22/$M$8) -> 0.016895669 | S22: =IF(AND(M22=0,N22=0),"-",IF(N22=0,"● 신규 발생",IF(M22=0,"■ 매출 중단",IF(O22>=0.05,"▲ 상승",IF(O22<=-0.05,"▼ 하락","― 보합"))))) -> ― 보합 | T22: =IF(AND(F22=0,G22=0),"-",IF(F22=0,"● 신규 발생",IF(G22=0,"■ 매출 중단",IF(H22>=0.05,"▲ 상승",IF(H22<=-0.05,"▼ 하락","― 보합"))))) -> ▲ 상승
A23: 15 | B23: 기존 | C23: S90344 | D23: 화화돼지왕갈비 (대) | E23: ='주별 매출'!D89 -> 49 | F23: =AVERAGE('월별 매출'!D89:F89) -> 344227728 | G23: =AVERAGE('월별 매출'!J89:L89) -> 3.5017146e+08 | H23: =IF(F23=0,"",G23/F23-1) -> 0.017266852 | I23: ='월별 매출'!L89 -> 321555443 | J23: ='월별 매출'!U89 -> -0.15332758 | K23: ='주별 매출'!BM89 -> 75092601 | L23: =IF('주별 매출'!BL89=0,"",K23/'주별 매출'!BL89-1) -> -0.038805849 | M23: =SUM('주별 매출'!BJ89:BM89) -> 313156052 | N23: =SUM('주별 매출'!BF89:BI89) -> 307356596 | O23: =IF(N23=0,"",M23/N23-1) -> 0.018868819 | P23: ='주별 매출'!M89 -> 64550555 | Q23: =IF(P23=0,"",K23/P23-1) -> 0.16331457 | R23: =IF($M$8=0,"",M23/$M$8) -> 0.015687626 | S23: =IF(AND(M23=0,N23=0),"-",IF(N23=0,"● 신규 발생",IF(M23=0,"■ 매출 중단",IF(O23>=0.05,"▲ 상승",IF(O23<=-0.05,"▼ 하락","― 보합"))))) -> ― 보합 | T23: =IF(AND(F23=0,G23=0),"-",IF(F23=0,"● 신규 발생",IF(G23=0,"■ 매출 중단",IF(H23>=0.05,"▲ 상승",IF(H23<=-0.05,"▼ 하락","― 보합"))))) -> ― 보합
A24: 16 | B24: 기존 | C24: S94092 | D24: 마루에프씨 대코드 | E24: ='주별 매출'!D93 -> 39 | F24: =AVERAGE('월별 매출'!D93:F93) -> 293087894 | G24: =AVERAGE('월별 매출'!J93:L93) -> 3.4548166e+08 | H24: =IF(F24=0,"",G24/F24-1) -> 0.1787647 | I24: ='월별 매출'!L93 -> 356018386 | J24: ='월별 매출'!U93 -> 0.028179872 | K24: ='주별 매출'!BM93 -> 76920879 | L24: =IF('주별 매출'!BL93=0,"",K24/'주별 매출'!BL93-1) -> 0.0099536809 | M24: =SUM('주별 매출'!BJ93:BM93) -> 279340598 | N24: =SUM('주별 매출'!BF93:BI93) -> 316505279 | O24: =IF(N24=0,"",M24/N24-1) -> -0.11742199 | P24: ='주별 매출'!M93 -> 57309608 | Q24: =IF(P24=0,"",K24/P24-1) -> 0.34219866 | R24: =IF($M$8=0,"",M24/$M$8) -> 0.013993633 | S24: =IF(AND(M24=0,N24=0),"-",IF(N24=0,"● 신규 발생",IF(M24=0,"■ 매출 중단",IF(O24>=0.05,"▲ 상승",IF(O24<=-0.05,"▼ 하락","― 보합"))))) -> ▼ 하락 | T24: =IF(AND(F24=0,G24=0),"-",IF(F24=0,"● 신규 발생",IF(G24=0,"■ 매출 중단",IF(H24>=0.05,"▲ 상승",IF(H24<=-0.05,"▼ 하락","― 보합"))))) -> ▲ 상승
A25: 17 | B25: 기존 | C25: S227002 / S254367 | D25: 돈카춘 대코드 | E25: ='주별 매출'!D44 -> 42 | F25: =AVERAGE('월별 매출'!D44:F44) -> 270830086 | G25: =AVERAGE('월별 매출'!J44:L44) -> 299897891 | H25: =IF(F25=0,"",G25/F25-1) -> 0.10732857 | I25: ='월별 매출'!L44 -> 287180887 | J25: ='월별 매출'!U44 -> -0.042887927 | K25: ='주별 매출'!BM44 -> 66783714 | L25: =IF('주별 매출'!BL44=0,"",K25/'주별 매출'!BL44-1) -> -0.028437965 | M25: =SUM('주별 매출'!BJ44:BM44) -> 261652229 | N25: =SUM('주별 매출'!BF44:BI44) -> 277174493 | O25: =IF(N25=0,"",M25/N25-1) -> -0.056001776 | P25: ='주별 매출'!M44 -> 61888510 | Q25: =IF(P25=0,"",K25/P25-1) -> 0.079097138 | R25: =IF($M$8=0,"",M25/$M$8) -> 0.01310753 | S25: =IF(AND(M25=0,N25=0),"-",IF(N25=0,"● 신규 발생",IF(M25=0,"■ 매출 중단",IF(O25>=0.05,"▲ 상승",IF(O25<=-0.05,"▼ 하락","― 보합"))))) -> ▼ 하락 | T25: =IF(AND(F25=0,G25=0),"-",IF(F25=0,"● 신규 발생",IF(G25=0,"■ 매출 중단",IF(H25>=0.05,"▲ 상승",IF(H25<=-0.05,"▼ 하락","― 보합"))))) -> ▲ 상승 | U25: 본점코드 변경으로 원본에 2행으로 나뉘어 있어 합산
A26: 18 | B26: 기존 | C26: S220382 | D26: 주식회사 인생푸드 | E26: ='주별 매출'!D33 -> 193 | F26: =AVERAGE('월별 매출'!D33:F33) -> 322441952 | G26: =AVERAGE('월별 매출'!J33:L33) -> 3.1129066e+08 | H26: =IF(F26=0,"",G26/F26-1) -> -0.034583861 | I26: ='월별 매출'!L33 -> 297556403 | J26: ='월별 매출'!U33 -> -0.096043336 | K26: ='주별 매출'!BM33 -> 57014380 | L26: =IF('주별 매출'!BL33=0,"",K26/'주별 매출'!BL33-1) -> -0.042675799 | M26: =SUM('주별 매출'!BJ33:BM33) -> 255379419 | N26: =SUM('주별 매출'!BF33:BI33) -> 276840922 | O26: =IF(N26=0,"",M26/N26-1) -> -0.077522871 | P26: ='주별 매출'!M33 -> 53048916 | Q26: =IF(P26=0,"",K26/P26-1) -> 0.074751084 | R26: =IF($M$8=0,"",M26/$M$8) -> 0.012793292 | S26: =IF(AND(M26=0,N26=0),"-",IF(N26=0,"● 신규 발생",IF(M26=0,"■ 매출 중단",IF(O26>=0.05,"▲ 상승",IF(O26<=-0.05,"▼ 하락","― 보합"))))) -> ▼ 하락 | T26: =IF(AND(F26=0,G26=0),"-",IF(F26=0,"● 신규 발생",IF(G26=0,"■ 매출 중단",IF(H26>=0.05,"▲ 상승",IF(H26<=-0.05,"▼ 하락","― 보합"))))) -> ― 보합
A27: 19 | B27: 기존 | C27: S72152 | D27: 쥬씨_쥬씨 주식회사_대분류 | E27: ='주별 매출'!D77 -> 120 | F27: =AVERAGE('월별 매출'!D77:F77) -> 2.3195049e+08 | G27: =AVERAGE('월별 매출'!J77:L77) -> 302340777 | H27: =IF(F27=0,"",G27/F27-1) -> 0.30347119 | I27: ='월별 매출'!L77 -> 262513875 | J27: ='월별 매출'!U77 -> -0.18243562 | K27: ='주별 매출'!BM77 -> 55469374 | L27: =IF('주별 매출'!BL77=0,"",K27/'주별 매출'!BL77-1) -> -0.039029062 | M27: =SUM('주별 매출'!BJ77:BM77) -> 229617350 | N27: =SUM('주별 매출'!BF77:BI77) -> 254514119 | O27: =IF(N27=0,"",M27/N27-1) -> -0.097820777 | P27: ='주별 매출'!M77 -> 60256370 | Q27: =IF(P27=0,"",K27/P27-1) -> -0.079443816 | R27: =IF($M$8=0,"",M27/$M$8) -> 0.011502735 | S27: =IF(AND(M27=0,N27=0),"-",IF(N27=0,"● 신규 발생",IF(M27=0,"■ 매출 중단",IF(O27>=0.05,"▲ 상승",IF(O27<=-0.05,"▼ 하락","― 보합"))))) -> ▼ 하락 | T27: =IF(AND(F27=0,G27=0),"-",IF(F27=0,"● 신규 발생",IF(G27=0,"■ 매출 중단",IF(H27>=0.05,"▲ 상승",IF(H27<=-0.05,"▼ 하락","― 보합"))))) -> ▲ 상승
A28: 20 | B28: 기존 | C28: S87905 | D28: 미아리우동집 (대) | E28: ='주별 매출'!D84 -> 34 | F28: =AVERAGE('월별 매출'!D84:F84) -> 250125118 | G28: =AVERAGE('월별 매출'!J84:L84) -> 235268366 | H28: =IF(F28=0,"",G28/F28-1) -> -0.059397281 | I28: ='월별 매출'!L84 -> 221498108 | J28: ='월별 매출'!U84 -> -0.10093835 | K28: ='주별 매출'!BM84 -> 56388188 | L28: =IF('주별 매출'!BL84=0,"",K28/'주별 매출'!BL84-1) -> 0.056445155 | M28: =SUM('주별 매출'!BJ84:BM84) -> 205541434 | N28: =SUM('주별 매출'!BF84:BI84) -> 214292316 | O28: =IF(N28=0,"",M28/N28-1) -> -0.040836191 | P28: ='주별 매출'!M84 -> 50180770 | Q28: =IF(P28=0,"",K28/P28-1) -> 0.12370113 | R28: =IF($M$8=0,"",M28/$M$8) -> 0.010296646 | S28: =IF(AND(M28=0,N28=0),"-",IF(N28=0,"● 신규 발생",IF(M28=0,"■ 매출 중단",IF(O28>=0.05,"▲ 상승",IF(O28<=-0.05,"▼ 하락","― 보합"))))) -> ― 보합 | T28: =IF(AND(F28=0,G28=0),"-",IF(F28=0,"● 신규 발생",IF(G28=0,"■ 매출 중단",IF(H28>=0.05,"▲ 상승",IF(H28<=-0.05,"▼ 하락","― 보합"))))) -> ▼ 하락
A29: 21 | B29: 기존 | C29: S96803 | D29: 손큰할매순대국(대)(법인) | E29: ='주별 매출'!D98 -> 43 | F29: =AVERAGE('월별 매출'!D98:F98) -> 2.051925e+08 | G29: =AVERAGE('월별 매출'!J98:L98) -> 2.0032799e+08 | H29: =IF(F29=0,"",G29/F29-1) -> -0.023707051 | I29: ='월별 매출'!L98 -> 219647396 | J29: ='월별 매출'!U98 -> 0.12296599 | K29: ='주별 매출'!BM98 -> 51855753 | L29: =IF('주별 매출'!BL98=0,"",K29/'주별 매출'!BL98-1) -> 0.11841581 | M29: =SUM('주별 매출'!BJ98:BM98) -> 192881064 | N29: =SUM('주별 매출'!BF98:BI98) -> 204584713 | O29: =IF(N29=0,"",M29/N29-1) -> -0.05720686 | P29: ='주별 매출'!M98 -> 44872386 | Q29: =IF(P29=0,"",K29/P29-1) -> 0.15562727 | R29: =IF($M$8=0,"",M29/$M$8) -> 0.0096624221 | S29: =IF(AND(M29=0,N29=0),"-",IF(N29=0,"● 신규 발생",IF(M29=0,"■ 매출 중단",IF(O29>=0.05,"▲ 상승",IF(O29<=-0.05,"▼ 하락","― 보합"))))) -> ▼ 하락 | T29: =IF(AND(F29=0,G29=0),"-",IF(F29=0,"● 신규 발생",IF(G29=0,"■ 매출 중단",IF(H29>=0.05,"▲ 상승",IF(H29<=-0.05,"▼ 하락","― 보합"))))) -> ― 보합
A30: 22 | B30: 기존 | C30: S223642 | D30: 함께그린 대코드 | E30: ='주별 매출'!D37 -> 70 | F30: =AVERAGE('월별 매출'!D37:F37) -> 2.7180013e+08 | G30: =AVERAGE('월별 매출'!J37:L37) -> 225091886 | H30: =IF(F30=0,"",G30/F30-1) -> -0.17184775 | I30: ='월별 매출'!L37 -> 225175374 | J30: ='월별 매출'!U37 -> 0.043796826 | K30: ='주별 매출'!BM37 -> 39354545 | L30: =IF('주별 매출'!BL37=0,"",K30/'주별 매출'!BL37-1) -> -0.14585551 | M30: =SUM('주별 매출'!BJ37:BM37) -> 189562578 | N30: =SUM('주별 매출'!BF37:BI37) -> 200912386 | O30: =IF(N30=0,"",M30/N30-1) -> -0.056491331 | P30: ='주별 매출'!M37 -> 70260734 | Q30: =IF(P30=0,"",K30/P30-1) -> -0.43987854 | R30: =IF($M$8=0,"",M30/$M$8) -> 0.0094961818 | S30: =IF(AND(M30=0,N30=0),"-",IF(N30=0,"● 신규 발생",IF(M30=0,"■ 매출 중단",IF(O30>=0.05,"▲ 상승",IF(O30<=-0.05,"▼ 하락","― 보합"))))) -> ▼ 하락 | T30: =IF(AND(F30=0,G30=0),"-",IF(F30=0,"● 신규 발생",IF(G30=0,"■ 매출 중단",IF(H30>=0.05,"▲ 상승",IF(H30<=-0.05,"▼ 하락","― 보합"))))) -> ▼ 하락
A31: 23 | B31: 신규 | C31: S265753 | D31: 버거앤타코 | E31: ='주별 매출'!D27 -> 48 | F31: =AVERAGE('월별 매출'!D27:F27) -> 0 | G31: =AVERAGE('월별 매출'!J27:L27) -> 29506198 | H31: =IF(F31=0,"",G31/F31-1) | I31: ='월별 매출'!L27 -> 88518594 | J31: ='월별 매출'!U27 | K31: ='주별 매출'!BM27 -> 51039770 | L31: =IF('주별 매출'!BL27=0,"",K31/'주별 매출'!BL27-1) -> 0.061846381 | M31: =SUM('주별 매출'!BJ27:BM27) -> 181559154 | N31: =SUM('주별 매출'!BF27:BI27) -> 28781160 | O31: =IF(N31=0,"",M31/N31-1) -> 5.3082639 | P31: ='주별 매출'!M27 -> 0 | Q31: =IF(P31=0,"",K31/P31-1) | R31: =IF($M$8=0,"",M31/$M$8) -> 0.0090952484 | S31: =IF(AND(M31=0,N31=0),"-",IF(N31=0,"● 신규 발생",IF(M31=0,"■ 매출 중단",IF(O31>=0.05,"▲ 상승",IF(O31<=-0.05,"▼ 하락","― 보합"))))) -> ▲ 상승 | T31: =IF(AND(F31=0,G31=0),"-",IF(F31=0,"● 신규 발생",IF(G31=0,"■ 매출 중단",IF(H31>=0.05,"▲ 상승",IF(H31<=-0.05,"▼ 하락","― 보합"))))) -> ● 신규 발생
A32: 24 | B32: 신규 | C32: S251614 | D32: 고기궁전 대분류 | E32: ='주별 매출'!D21 -> 26 | F32: =AVERAGE('월별 매출'!D21:F21) -> 0 | G32: =AVERAGE('월별 매출'!J21:L21) -> 2.0558557e+08 | H32: =IF(F32=0,"",G32/F32-1) | I32: ='월별 매출'!L21 -> 191663380 | J32: ='월별 매출'!U21 -> -0.057784665 | K32: ='주별 매출'!BM21 -> 41112660 | L32: =IF('주별 매출'!BL21=0,"",K32/'주별 매출'!BL21-1) -> -0.080601911 | M32: =SUM('주별 매출'!BJ21:BM21) -> 162145810 | N32: =SUM('주별 매출'!BF21:BI21) -> 188554820 | O32: =IF(N32=0,"",M32/N32-1) -> -0.14006012 | P32: ='주별 매출'!M21 -> 0 | Q32: =IF(P32=0,"",K32/P32-1) | R32: =IF($M$8=0,"",M32/$M$8) -> 0.0081227323 | S32: =IF(AND(M32=0,N32=0),"-",IF(N32=0,"● 신규 발생",IF(M32=0,"■ 매출 중단",IF(O32>=0.05,"▲ 상승",IF(O32<=-0.05,"▼ 하락","― 보합"))))) -> ▼ 하락 | T32: =IF(AND(F32=0,G32=0),"-",IF(F32=0,"● 신규 발생",IF(G32=0,"■ 매출 중단",IF(H32>=0.05,"▲ 상승",IF(H32<=-0.05,"▼ 하락","― 보합"))))) -> ● 신규 발생
A33: 25 | B33: 기존 | C33: S77411 | D33: 차얌,88핫도그_주식회사 프로젝트비_대분류 | E33: ='주별 매출'!D78 -> 44 | F33: =AVERAGE('월별 매출'!D78:F78) -> 1.107681e+08 | G33: =AVERAGE('월별 매출'!J78:L78) -> 1.9495219e+08 | H33: =IF(F33=0,"",G33/F33-1) -> 0.76000305 | I33: ='월별 매출'!L78 -> 178729832 | J33: ='월별 매출'!U78 -> -0.10606761 | K33: ='주별 매출'!BM78 -> 37274967 | L33: =IF('주별 매출'!BL78=0,"",K33/'주별 매출'!BL78-1) -> -0.048675836 | M33: =SUM('주별 매출'!BJ78:BM78) -> 150160541 | N33: =SUM('주별 매출'!BF78:BI78) -> 168168993 | O33: =IF(N33=0,"",M33/N33-1) -> -0.10708545 | P33: ='주별 매출'!M78 -> 43721845 | Q33: =IF(P33=0,"",K33/P33-1) -> -0.1474521 | R33: =IF($M$8=0,"",M33/$M$8) -> 0.0075223275 | S33: =IF(AND(M33=0,N33=0),"-",IF(N33=0,"● 신규 발생",IF(M33=0,"■ 매출 중단",IF(O33>=0.05,"▲ 상승",IF(O33<=-0.05,"▼ 하락","― 보합"))))) -> ▼ 하락 | T33: =IF(AND(F33=0,G33=0),"-",IF(F33=0,"● 신규 발생",IF(G33=0,"■ 매출 중단",IF(H33>=0.05,"▲ 상승",IF(H33<=-0.05,"▼ 하락","― 보합"))))) -> ▲ 상승
A34: 26 | B34: 기존 | C34: S86140 | D34: 오백국수 (대) | E34: ='주별 매출'!D82 -> 77 | F34: =AVERAGE('월별 매출'!D82:F82) -> 166236202 | G34: =AVERAGE('월별 매출'!J82:L82) -> 203149283 | H34: =IF(F34=0,"",G34/F34-1) -> 0.222052 | I34: ='월별 매출'!L82 -> 173425560 | J34: ='월별 매출'!U82 -> -0.20394874 | K34: ='주별 매출'!BM82 -> 44824180 | L34: =IF('주별 매출'!BL82=0,"",K34/'주별 매출'!BL82-1) -> 0.24109359 | M34: =SUM('주별 매출'!BJ82:BM82) -> 149785510 | N34: =SUM('주별 매출'!BF82:BI82) -> 180299900 | O34: =IF(N34=0,"",M34/N34-1) -> -0.16924241 | P34: ='주별 매출'!M82 -> 44990723 | Q34: =IF(P34=0,"",K34/P34-1) -> -0.0037017187 | R34: =IF($M$8=0,"",M34/$M$8) -> 0.0075035402 | S34: =IF(AND(M34=0,N34=0),"-",IF(N34=0,"● 신규 발생",IF(M34=0,"■ 매출 중단",IF(O34>=0.05,"▲ 상승",IF(O34<=-0.05,"▼ 하락","― 보합"))))) -> ▼ 하락 | T34: =IF(AND(F34=0,G34=0),"-",IF(F34=0,"● 신규 발생",IF(G34=0,"■ 매출 중단",IF(H34>=0.05,"▲ 상승",IF(H34<=-0.05,"▼ 하락","― 보합"))))) -> ▲ 상승
A35: 27 | B35: 기존 | C35: S227995 | D35: 쓰리비플러스(대) K비빔밥 | E35: ='주별 매출'!D46 -> 26 | F35: =AVERAGE('월별 매출'!D46:F46) -> 1.7185025e+08 | G35: =AVERAGE('월별 매출'!J46:L46) -> 1.4639859e+08 | H35: =IF(F35=0,"",G35/F35-1) -> -0.14810372 | I35: ='월별 매출'!L46 -> 128474090 | J35: ='월별 매출'!U46 -> -0.1598386 | K35: ='주별 매출'!BM46 -> 33840497 | L35: =IF('주별 매출'!BL46=0,"",K35/'주별 매출'!BL46-1) -> 0.10500701 | M35: =SUM('주별 매출'!BJ46:BM46) -> 118206607 | N35: =SUM('주별 매출'!BF46:BI46) -> 127513000 | O35: =IF(N35=0,"",M35/N35-1) -> -0.072983876 | P35: ='주별 매출'!M46 -> 30696540 | Q35: =IF(P35=0,"",K35/P35-1) -> 0.10242057 | R35: =IF($M$8=0,"",M35/$M$8) -> 0.0059215877 | S35: =IF(AND(M35=0,N35=0),"-",IF(N35=0,"● 신규 발생",IF(M35=0,"■ 매출 중단",IF(O35>=0.05,"▲ 상승",IF(O35<=-0.05,"▼ 하락","― 보합"))))) -> ▼ 하락 | T35: =IF(AND(F35=0,G35=0),"-",IF(F35=0,"● 신규 발생",IF(G35=0,"■ 매출 중단",IF(H35>=0.05,"▲ 상승",IF(H35<=-0.05,"▼ 하락","― 보합"))))) -> ▼ 하락
A36: 28 | B36: 신규 | C36: S251592 | D36: 감쪽 대분류 | E36: ='주별 매출'!D19 -> 13 | F36: =AVERAGE('월별 매출'!D19:F19) -> 0 | G36: =AVERAGE('월별 매출'!J19:L19) -> 1.3188904e+08 | H36: =IF(F36=0,"",G36/F36-1) | I36: ='월별 매출'!L19 -> 134170680 | J36: ='월별 매출'!U19 -> 0.0033358111 | K36: ='주별 매출'!BM19 -> 28083090 | L36: =IF('주별 매출'!BL19=0,"",K36/'주별 매출'!BL19-1) -> -0.0084396931 | M36: =SUM('주별 매출'!BJ19:BM19) -> 115466240 | N36: =SUM('주별 매출'!BF19:BI19) -> 125406480 | O36: =IF(N36=0,"",M36/N36-1) -> -0.079264166 | P36: ='주별 매출'!M19 -> 0 | Q36: =IF(P36=0,"",K36/P36-1) | R36: =IF($M$8=0,"",M36/$M$8) -> 0.0057843083 | S36: =IF(AND(M36=0,N36=0),"-",IF(N36=0,"● 신규 발생",IF(M36=0,"■ 매출 중단",IF(O36>=0.05,"▲ 상승",IF(O36<=-0.05,"▼ 하락","― 보합"))))) -> ▼ 하락 | T36: =IF(AND(F36=0,G36=0),"-",IF(F36=0,"● 신규 발생",IF(G36=0,"■ 매출 중단",IF(H36>=0.05,"▲ 상승",IF(H36<=-0.05,"▼ 하락","― 보합"))))) -> ● 신규 발생
A37: 29 | B37: 기존 | C37: S213979 | D37: 경성맥주_대분류 | E37: ='주별 매출'!D31 -> 44 | F37: =AVERAGE('월별 매출'!D31:F31) -> 102724925 | G37: =AVERAGE('월별 매출'!J31:L31) -> 148187264 | H37: =IF(F37=0,"",G37/F37-1) -> 0.44256386 | I37: ='월별 매출'!L31 -> 134444334 | J37: ='월별 매출'!U31 -> -0.11000045 | K37: ='주별 매출'!BM31 -> 23283396 | L37: =IF('주별 매출'!BL31=0,"",K37/'주별 매출'!BL31-1) -> -0.15826424 | M37: =SUM('주별 매출'!BJ31:BM31) -> 114330574 | N37: =SUM('주별 매출'!BF31:BI31) -> 123473433 | O37: =IF(N37=0,"",M37/N37-1) -> -0.074047176 | P37: ='주별 매출'!M31 -> 25437539 | Q37: =IF(P37=0,"",K37/P37-1) -> -0.084683624 | R37: =IF($M$8=0,"",M37/$M$8) -> 0.0057274169 | S37: =IF(AND(M37=0,N37=0),"-",IF(N37=0,"● 신규 발생",IF(M37=0,"■ 매출 중단",IF(O37>=0.05,"▲ 상승",IF(O37<=-0.05,"▼ 하락","― 보합"))))) -> ▼ 하락 | T37: =IF(AND(F37=0,G37=0),"-",IF(F37=0,"● 신규 발생",IF(G37=0,"■ 매출 중단",IF(H37>=0.05,"▲ 상승",IF(H37<=-0.05,"▼ 하락","― 보합"))))) -> ▲ 상승
A38: 30 | B38: 기존 | C38: S224496 | D38: 통불(대) | E38: ='주별 매출'!D39 -> 12 | F38: =AVERAGE('월별 매출'!D39:F39) -> 1.2070131e+08 | G38: =AVERAGE('월별 매출'!J39:L39) -> 1.2631879e+08 | H38: =IF(F38=0,"",G38/F38-1) -> 0.046540396 | I38: ='월별 매출'!L39 -> 121069235 | J38: ='월별 매출'!U39 -> -0.071725937 | K38: ='주별 매출'!BM39 -> 23780920 | L38: =IF('주별 매출'!BL39=0,"",K38/'주별 매출'!BL39-1) -> -0.052681876 | M38: =SUM('주별 매출'!BJ39:BM39) -> 105419580 | N38: =SUM('주별 매출'!BF39:BI39) -> 111309385 | O38: =IF(N38=0,"",M38/N38-1) -> -0.052913822 | P38: ='주별 매출'!M39 -> 27130180 | Q38: =IF(P38=0,"",K38/P38-1) -> -0.12345145 | R38: =IF($M$8=0,"",M38/$M$8) -> 0.0052810186 | S38: =IF(AND(M38=0,N38=0),"-",IF(N38=0,"● 신규 발생",IF(M38=0,"■ 매출 중단",IF(O38>=0.05,"▲ 상승",IF(O38<=-0.05,"▼ 하락","― 보합"))))) -> ▼ 하락 | T38: =IF(AND(F38=0,G38=0),"-",IF(F38=0,"● 신규 발생",IF(G38=0,"■ 매출 중단",IF(H38>=0.05,"▲ 상승",IF(H38<=-0.05,"▼ 하락","― 보합"))))) -> ― 보합
A39: 31 | B39: 기존 | C39: S92874 | D39: 와플샵(대) | E39: ='주별 매출'!D91 -> 20 | F39: =AVERAGE('월별 매출'!D91:F91) -> 88236397 | G39: =AVERAGE('월별 매출'!J91:L91) -> 93500709 | H39: =IF(F39=0,"",G39/F39-1) -> 0.059661457 | I39: ='월별 매출'!L91 -> 93063759 | J39: ='월별 매출'!U91 -> -0.0044033527 | K39: ='주별 매출'!BM91 -> 20265472 | L39: =IF('주별 매출'!BL91=0,"",K39/'주별 매출'!BL91-1) -> -0.1374013 | M39: =SUM('주별 매출'!BJ91:BM91) -> 84543047 | N39: =SUM('주별 매출'!BF91:BI91) -> 85592640 | O39: =IF(N39=0,"",M39/N39-1) -> -0.012262655 | P39: ='주별 매출'!M91 -> 18539282 | Q39: =IF(P39=0,"",K39/P39-1) -> 0.093109863 | R39: =IF($M$8=0,"",M39/$M$8) -> 0.0042352037 | S39: =IF(AND(M39=0,N39=0),"-",IF(N39=0,"● 신규 발생",IF(M39=0,"■ 매출 중단",IF(O39>=0.05,"▲ 상승",IF(O39<=-0.05,"▼ 하락","― 보합"))))) -> ― 보합 | T39: =IF(AND(F39=0,G39=0),"-",IF(F39=0,"● 신규 발생",IF(G39=0,"■ 매출 중단",IF(H39>=0.05,"▲ 상승",IF(H39<=-0.05,"▼ 하락","― 보합"))))) -> ▲ 상승
A40: 32 | B40: 기존 | C40: S97707 | D40: 순수덮밥(대) | E40: ='주별 매출'!D102 -> 45 | F40: =AVERAGE('월별 매출'!D102:F102) -> 1.0023493e+08 | G40: =AVERAGE('월별 매출'!J102:L102) -> 96495320 | H40: =IF(F40=0,"",G40/F40-1) -> -0.037308464 | I40: ='월별 매출'!L102 -> 96548640 | J40: ='월별 매출'!U102 -> 0.044052273 | K40: ='주별 매출'!BM102 -> 19537390 | L40: =IF('주별 매출'!BL102=0,"",K40/'주별 매출'!BL102-1) -> -0.094298697 | M40: =SUM('주별 매출'!BJ102:BM102) -> 77125320 | N40: =SUM('주별 매출'!BF102:BI102) -> 63865660 | O40: =IF(N40=0,"",M40/N40-1) -> 0.20761799 | P40: ='주별 매출'!M102 -> 27203150 | Q40: =IF(P40=0,"",K40/P40-1) -> -0.28179678 | R40: =IF($M$8=0,"",M40/$M$8) -> 0.003863611 | S40: =IF(AND(M40=0,N40=0),"-",IF(N40=0,"● 신규 발생",IF(M40=0,"■ 매출 중단",IF(O40>=0.05,"▲ 상승",IF(O40<=-0.05,"▼ 하락","― 보합"))))) -> ▲ 상승 | T40: =IF(AND(F40=0,G40=0),"-",IF(F40=0,"● 신규 발생",IF(G40=0,"■ 매출 중단",IF(H40>=0.05,"▲ 상승",IF(H40<=-0.05,"▼ 하락","― 보합"))))) -> ― 보합
A41: 33 | B41: 기존 | C41: S94912 | D41: 한라맥주 대 | E41: ='주별 매출'!D96 -> 25 | F41: =AVERAGE('월별 매출'!D96:F96) -> 96451261 | G41: =AVERAGE('월별 매출'!J96:L96) -> 86974541 | H41: =IF(F41=0,"",G41/F41-1) -> -0.098253981 | I41: ='월별 매출'!L96 -> 90894871 | J41: ='월별 매출'!U96 -> 0.11109885 | K41: ='주별 매출'!BM96 -> 12485315 | L41: =IF('주별 매출'!BL96=0,"",K41/'주별 매출'!BL96-1) -> -0.3475215 | M41: =SUM('주별 매출'!BJ96:BM96) -> 76438059 | N41: =SUM('주별 매출'!BF96:BI96) -> 78678322 | O41: =IF(N41=0,"",M41/N41-1) -> -0.028473701 | P41: ='주별 매출'!M96 -> 19199565 | Q41: =IF(P41=0,"",K41/P41-1) -> -0.34970844 | R41: =IF($M$8=0,"",M41/$M$8) -> 0.0038291825 | S41: =IF(AND(M41=0,N41=0),"-",IF(N41=0,"● 신규 발생",IF(M41=0,"■ 매출 중단",IF(O41>=0.05,"▲ 상승",IF(O41<=-0.05,"▼ 하락","― 보합"))))) -> ― 보합 | T41: =IF(AND(F41=0,G41=0),"-",IF(F41=0,"● 신규 발생",IF(G41=0,"■ 매출 중단",IF(H41>=0.05,"▲ 상승",IF(H41<=-0.05,"▼ 하락","― 보합"))))) -> ▼ 하락
A42: 34 | B42: 신규 | C42: S249566 | D42: 더라프 대코드 | E42: ='주별 매출'!D16 -> 28 | F42: =AVERAGE('월별 매출'!D16:F16) -> 0 | G42: =AVERAGE('월별 매출'!J16:L16) -> 78669869 | H42: =IF(F42=0,"",G42/F42-1) | I42: ='월별 매출'!L16 -> 74971990 | J42: ='월별 매출'!U16 -> -0.036570081 | K42: ='주별 매출'!BM16 -> 18249773 | L42: =IF('주별 매출'!BL16=0,"",K42/'주별 매출'!BL16-1) -> -0.0019477301 | M42: =SUM('주별 매출'!BJ16:BM16) -> 71135780 | N42: =SUM('주별 매출'!BF16:BI16) -> 70419621 | O42: =IF(N42=0,"",M42/N42-1) -> 0.010169879 | P42: ='주별 매출'!M16 -> 0 | Q42: =IF(P42=0,"",K42/P42-1) | R42: =IF($M$8=0,"",M42/$M$8) -> 0.0035635636 | S42: =IF(AND(M42=0,N42=0),"-",IF(N42=0,"● 신규 발생",IF(M42=0,"■ 매출 중단",IF(O42>=0.05,"▲ 상승",IF(O42<=-0.05,"▼ 하락","― 보합"))))) -> ― 보합 | T42: =IF(AND(F42=0,G42=0),"-",IF(F42=0,"● 신규 발생",IF(G42=0,"■ 매출 중단",IF(H42>=0.05,"▲ 상승",IF(H42<=-0.05,"▼ 하락","― 보합"))))) -> ● 신규 발생
A43: 35 | B43: 기존 | C43: S225287 | D43: 디케이푸드 대코드 (돈카,조선호랑이) | E43: ='주별 매출'!D40 -> 43 | F43: =AVERAGE('월별 매출'!D40:F40) -> 86550433 | G43: =AVERAGE('월별 매출'!J40:L40) -> 121989854 | H43: =IF(F43=0,"",G43/F43-1) -> 0.40946556 | I43: ='월별 매출'!L40 -> 76998879 | J43: ='월별 매출'!U40 -> -0.42206522 | K43: ='주별 매출'!BM40 -> 14672839 | L43: =IF('주별 매출'!BL40=0,"",K43/'주별 매출'!BL40-1) -> -0.06961326 | M43: =SUM('주별 매출'!BJ40:BM40) -> 65456109 | N43: =SUM('주별 매출'!BF40:BI40) -> 78619542 | O43: =IF(N43=0,"",M43/N43-1) -> -0.16743207 | P43: ='주별 매출'!M40 -> 21094821 | Q43: =IF(P43=0,"",K43/P43-1) -> -0.30443406 | R43: =IF($M$8=0,"",M43/$M$8) -> 0.0032790391 | S43: =IF(AND(M43=0,N43=0),"-",IF(N43=0,"● 신규 발생",IF(M43=0,"■ 매출 중단",IF(O43>=0.05,"▲ 상승",IF(O43<=-0.05,"▼ 하락","― 보합"))))) -> ▼ 하락 | T43: =IF(AND(F43=0,G43=0),"-",IF(F43=0,"● 신규 발생",IF(G43=0,"■ 매출 중단",IF(H43>=0.05,"▲ 상승",IF(H43<=-0.05,"▼ 하락","― 보합"))))) -> ▲ 상승
A44: 36 | B44: 신규 | C44: S256800 | D44: 콩시루 대분류 | E44: ='주별 매출'!D23 -> 18 | F44: =AVERAGE('월별 매출'!D23:F23) -> 0 | G44: =AVERAGE('월별 매출'!J23:L23) -> 47403067 | H44: =IF(F44=0,"",G44/F44-1) | I44: ='월별 매출'!L23 -> 67011715 | J44: ='월별 매출'!U23 -> 0.45384373 | K44: ='주별 매출'!BM23 -> 18766168 | L44: =IF('주별 매출'!BL23=0,"",K44/'주별 매출'!BL23-1) -> 0.48544317 | M44: =SUM('주별 매출'!BJ23:BM23) -> 64899668 | N44: =SUM('주별 매출'!BF23:BI23) -> 53053383 | O44: =IF(N44=0,"",M44/N44-1) -> 0.22328991 | P44: ='주별 매출'!M23 -> 0 | Q44: =IF(P44=0,"",K44/P44-1) | R44: =IF($M$8=0,"",M44/$M$8) -> 0.0032511641 | S44: =IF(AND(M44=0,N44=0),"-",IF(N44=0,"● 신규 발생",IF(M44=0,"■ 매출 중단",IF(O44>=0.05,"▲ 상승",IF(O44<=-0.05,"▼ 하락","― 보합"))))) -> ▲ 상승 | T44: =IF(AND(F44=0,G44=0),"-",IF(F44=0,"● 신규 발생",IF(G44=0,"■ 매출 중단",IF(H44>=0.05,"▲ 상승",IF(H44<=-0.05,"▼ 하락","― 보합"))))) -> ● 신규 발생
A45: 37 | B45: 기존 | C45: S98829 | D45: 서래식구들 대 | E45: ='주별 매출'!D106 -> 21 | F45: =AVERAGE('월별 매출'!D106:F106) -> 88083697 | G45: =AVERAGE('월별 매출'!J106:L106) -> 73394823 | H45: =IF(F45=0,"",G45/F45-1) -> -0.16676041 | I45: ='월별 매출'!L106 -> 71746330 | J45: ='월별 매출'!U106 -> 0.0089620098 | K45: ='주별 매출'!BM106 -> 15903730 | L45: =IF('주별 매출'!BL106=0,"",K45/'주별 매출'!BL106-1) -> -0.16376568 | M45: =SUM('주별 매출'!BJ106:BM106) -> 63597450 | N45: =SUM('주별 매출'!BF106:BI106) -> 69537960 | O45: =IF(N45=0,"",M45/N45-1) -> -0.085428304 | P45: ='주별 매출'!M106 -> 22529968 | Q45: =IF(P45=0,"",K45/P45-1) -> -0.29410774 | R45: =IF($M$8=0,"",M45/$M$8) -> 0.0031859292 | S45: =IF(AND(M45=0,N45=0),"-",IF(N45=0,"● 신규 발생",IF(M45=0,"■ 매출 중단",IF(O45>=0.05,"▲ 상승",IF(O45<=-0.05,"▼ 하락","― 보합"))))) -> ▼ 하락 | T45: =IF(AND(F45=0,G45=0),"-",IF(F45=0,"● 신규 발생",IF(G45=0,"■ 매출 중단",IF(H45>=0.05,"▲ 상승",IF(H45<=-0.05,"▼ 하락","― 보합"))))) -> ▼ 하락
A46: 38 | B46: 기존 | C46: S192107 | D46: 형제푸드 대코드 | E46: ='주별 매출'!D67 -> 12 | F46: =AVERAGE('월별 매출'!D67:F67) -> 82988813 | G46: =AVERAGE('월별 매출'!J67:L67) -> 65750958 | H46: =IF(F46=0,"",G46/F46-1) -> -0.207713 | I46: ='월별 매출'!L67 -> 63846025 | J46: ='월별 매출'!U67 -> -0.050528135 | K46: ='주별 매출'!BM67 -> 14214540 | L46: =IF('주별 매출'!BL67=0,"",K46/'주별 매출'!BL67-1) -> -0.13523369 | M46: =SUM('주별 매출'!BJ67:BM67) -> 56761865 | N46: =SUM('주별 매출'!BF67:BI67) -> 61463495 | O46: =IF(N46=0,"",M46/N46-1) -> -0.076494674 | P46: ='주별 매출'!M67 -> 20260658 | Q46: =IF(P46=0,"",K46/P46-1) -> -0.29841667 | R46: =IF($M$8=0,"",M46/$M$8) -> 0.0028434989 | S46: =IF(AND(M46=0,N46=0),"-",IF(N46=0,"● 신규 발생",IF(M46=0,"■ 매출 중단",IF(O46>=0.05,"▲ 상승",IF(O46<=-0.05,"▼ 하락","― 보합"))))) -> ▼ 하락 | T46: =IF(AND(F46=0,G46=0),"-",IF(F46=0,"● 신규 발생",IF(G46=0,"■ 매출 중단",IF(H46>=0.05,"▲ 상승",IF(H46<=-0.05,"▼ 하락","― 보합"))))) -> ▼ 하락
A47: 39 | B47: 기존 | C47: S209146 | D47: 지미존스 대 | E47: ='주별 매출'!D71 -> 11 | F47: =AVERAGE('월별 매출'!D71:F71) -> 66235672 | G47: =AVERAGE('월별 매출'!J71:L71) -> 93388514 | H47: =IF(F47=0,"",G47/F47-1) -> 0.40994287 | I47: ='월별 매출'!L71 -> 97426135 | J47: ='월별 매출'!U71 -> 0.026157176 | K47: ='주별 매출'!BM71 -> 70117652 | L47: =IF('주별 매출'!BL71=0,"",K47/'주별 매출'!BL71-1) -> 0.15987034 | M47: =SUM('주별 매출'!BJ71:BM71) -> 56041215 | N47: =SUM('주별 매출'!BF71:BI71) -> 82585140 | O47: =IF(N47=0,"",M47/N47-1) -> -0.32141285 | P47: ='주별 매출'!M71 -> 44057644 | Q47: =IF(P47=0,"",K47/P47-1) -> 0.59149799 | R47: =IF($M$8=0,"",M47/$M$8) -> 0.0028073978 | S47: =IF(AND(M47=0,N47=0),"-",IF(N47=0,"● 신규 발생",IF(M47=0,"■ 매출 중단",IF(O47>=0.05,"▲ 상승",IF(O47<=-0.05,"▼ 하락","― 보합"))))) -> ▼ 하락 | T47: =IF(AND(F47=0,G47=0),"-",IF(F47=0,"● 신규 발생",IF(G47=0,"■ 매출 중단",IF(H47>=0.05,"▲ 상승",IF(H47<=-0.05,"▼ 하락","― 보합"))))) -> ▲ 상승 | U47: 매월 말 주차에 대규모 음수 매출(정산 차감 추정) → 주간 증감률 왜곡
A48: 40 | B48: 신규 | C48: B6365 | D48: 샤브온당_대분류 | E48: ='주별 매출'!D25 -> 8 | F48: =AVERAGE('월별 매출'!D25:F25) -> 0 | G48: =AVERAGE('월별 매출'!J25:L25) -> 1281085.7 | H48: =IF(F48=0,"",G48/F48-1) | I48: ='월별 매출'!L25 -> 1705734 | J48: ='월별 매출'!U25 -> -0.16013206 | K48: ='주별 매출'!BM25 -> 13049710 | L48: =IF('주별 매출'!BL25=0,"",K48/'주별 매출'!BL25-1) -> 0.06908928 | M48: =SUM('주별 매출'!BJ25:BM25) -> 42620600 | N48: =SUM('주별 매출'!BF25:BI25) -> 34104154 | O48: =IF(N48=0,"",M48/N48-1) -> 0.24971873 | P48: ='주별 매출'!M25 -> 0 | Q48: =IF(P48=0,"",K48/P48-1) | R48: =IF($M$8=0,"",M48/$M$8) -> 0.0021350889 | S48: =IF(AND(M48=0,N48=0),"-",IF(N48=0,"● 신규 발생",IF(M48=0,"■ 매출 중단",IF(O48>=0.05,"▲ 상승",IF(O48<=-0.05,"▼ 하락","― 보합"))))) -> ▲ 상승 | T48: =IF(AND(F48=0,G48=0),"-",IF(F48=0,"● 신규 발생",IF(G48=0,"■ 매출 중단",IF(H48>=0.05,"▲ 상승",IF(H48<=-0.05,"▼ 하락","― 보합"))))) -> ● 신규 발생 | U48: 월간 시트는 다른 코드(S261783) 기준으로 집계되어 주간 대비 월 매출이 과소 계상됨
A49: 41 | B49: 기존 | C49: S199245 | D49: 미인계 대코드 | E49: ='주별 매출'!D68 -> 8 | F49: =AVERAGE('월별 매출'!D68:F68) -> 63127373 | G49: =AVERAGE('월별 매출'!J68:L68) -> 41379137 | H49: =IF(F49=0,"",G49/F49-1) -> -0.34451356 | I49: ='월별 매출'!L68 -> 42490950 | J49: ='월별 매출'!U68 -> 0.070155984 | K49: ='주별 매출'!BM68 -> 10003270 | L49: =IF('주별 매출'!BL68=0,"",K49/'주별 매출'!BL68-1) -> -0.066119529 | M49: =SUM('주별 매출'!BJ68:BM68) -> 42301630 | N49: =SUM('주별 매출'!BF68:BI68) -> 35818760 | O49: =IF(N49=0,"",M49/N49-1) -> 0.18099091 | P49: ='주별 매출'!M68 -> 13787580 | Q49: =IF(P49=0,"",K49/P49-1) -> -0.27447239 | R49: =IF($M$8=0,"",M49/$M$8) -> 0.0021191101 | S49: =IF(AND(M49=0,N49=0),"-",IF(N49=0,"● 신규 발생",IF(M49=0,"■ 매출 중단",IF(O49>=0.05,"▲ 상승",IF(O49<=-0.05,"▼ 하락","― 보합"))))) -> ▲ 상승 | T49: =IF(AND(F49=0,G49=0),"-",IF(F49=0,"● 신규 발생",IF(G49=0,"■ 매출 중단",IF(H49>=0.05,"▲ 상승",IF(H49<=-0.05,"▼ 하락","― 보합"))))) -> ▼ 하락
A50: 42 | B50: 기존 | C50: S231958 | D50: 오밀당_아이오스(대) | E50: ='주별 매출'!D49 -> 34 | F50: =AVERAGE('월별 매출'!D49:F49) -> 53322347 | G50: =AVERAGE('월별 매출'!J49:L49) -> 52687543 | H50: =IF(F50=0,"",G50/F50-1) -> -0.011905034 | I50: ='월별 매출'!L49 -> 53945334 | J50: ='월별 매출'!U49 -> 0.12671677 | K50: ='주별 매출'!BM49 -> 10542570 | L50: =IF('주별 매출'!BL49=0,"",K50/'주별 매출'!BL49-1) -> -0.062530178 | M50: =SUM('주별 매출'!BJ49:BM49) -> 42265930 | N50: =SUM('주별 매출'!BF49:BI49) -> 52833775 | O50: =IF(N50=0,"",M50/N50-1) -> -0.20002063 | P50: ='주별 매출'!M49 -> 15518906 | Q50: =IF(P50=0,"",K50/P50-1) -> -0.32066281 | R50: =IF($M$8=0,"",M50/$M$8) -> 0.0021173217 | S50: =IF(AND(M50=0,N50=0),"-",IF(N50=0,"● 신규 발생",IF(M50=0,"■ 매출 중단",IF(O50>=0.05,"▲ 상승",IF(O50<=-0.05,"▼ 하락","― 보합"))))) -> ▼ 하락 | T50: =IF(AND(F50=0,G50=0),"-",IF(F50=0,"● 신규 발생",IF(G50=0,"■ 매출 중단",IF(H50>=0.05,"▲ 상승",IF(H50<=-0.05,"▼ 하락","― 보합"))))) -> ― 보합
A51: 43 | B51: 신규 | C51: S248258 | D51: 알쭈 대분류 | E51: ='주별 매출'!D15 -> 18 | F51: =AVERAGE('월별 매출'!D15:F15) -> 0 | G51: =AVERAGE('월별 매출'!J15:L15) -> 39379057 | H51: =IF(F51=0,"",G51/F51-1) | I51: ='월별 매출'!L15 -> 40998640 | J51: ='월별 매출'!U15 -> 0.073717049 | K51: ='주별 매출'!BM15 -> 11481230 | L51: =IF('주별 매출'!BL15=0,"",K51/'주별 매출'!BL15-1) -> 0.017988447 | M51: =SUM('주별 매출'!BJ15:BM15) -> 39419170 | N51: =SUM('주별 매출'!BF15:BI15) -> 39357330 | O51: =IF(N51=0,"",M51/N51-1) -> 0.0015712448 | P51: ='주별 매출'!M15 -> 0 | Q51: =IF(P51=0,"",K51/P51-1) | R51: =IF($M$8=0,"",M51/$M$8) -> 0.0019747126 | S51: =IF(AND(M51=0,N51=0),"-",IF(N51=0,"● 신규 발생",IF(M51=0,"■ 매출 중단",IF(O51>=0.05,"▲ 상승",IF(O51<=-0.05,"▼ 하락","― 보합"))))) -> ― 보합 | T51: =IF(AND(F51=0,G51=0),"-",IF(F51=0,"● 신규 발생",IF(G51=0,"■ 매출 중단",IF(H51>=0.05,"▲ 상승",IF(H51<=-0.05,"▼ 하락","― 보합"))))) -> ● 신규 발생
A52: 44 | B52: 기존 | C52: S88977 | D52: 빨간석쇠구이(대) | E52: ='주별 매출'!D86 -> 9 | F52: =AVERAGE('월별 매출'!D86:F86) -> 40943652 | G52: =AVERAGE('월별 매출'!J86:L86) -> 42962212 | H52: =IF(F52=0,"",G52/F52-1) -> 0.049300927 | I52: ='월별 매출'!L86 -> 42604130 | J52: ='월별 매출'!U86 -> -0.020100483 | K52: ='주별 매출'!BM86 -> 9443330 | L52: =IF('주별 매출'!BL86=0,"",K52/'주별 매출'!BL86-1) -> -0.11836122 | M52: =SUM('주별 매출'!BJ86:BM86) -> 38870690 | N52: =SUM('주별 매출'!BF86:BI86) -> 41034425 | O52: =IF(N52=0,"",M52/N52-1) -> -0.052729751 | P52: ='주별 매출'!M86 -> 9470570 | Q52: =IF(P52=0,"",K52/P52-1) -> -0.0028762788 | R52: =IF($M$8=0,"",M52/$M$8) -> 0.0019472363 | S52: =IF(AND(M52=0,N52=0),"-",IF(N52=0,"● 신규 발생",IF(M52=0,"■ 매출 중단",IF(O52>=0.05,"▲ 상승",IF(O52<=-0.05,"▼ 하락","― 보합"))))) -> ▼ 하락 | T52: =IF(AND(F52=0,G52=0),"-",IF(F52=0,"● 신규 발생",IF(G52=0,"■ 매출 중단",IF(H52>=0.05,"▲ 상승",IF(H52<=-0.05,"▼ 하락","― 보합"))))) -> ― 보합
A53: 45 | B53: 기존 | C53: S239673 | D53: 수라닭개장 대코드 | E53: ='주별 매출'!D57 -> 3 | F53: =AVERAGE('월별 매출'!D57:F57) -> 39310257 | G53: =AVERAGE('월별 매출'!J57:L57) -> 47452440 | H53: =IF(F53=0,"",G53/F53-1) -> 0.20712618 | I53: ='월별 매출'!L57 -> 44913750 | J53: ='월별 매출'!U57 -> -0.024348414 | K53: ='주별 매출'!BM57 -> 10634750 | L53: =IF('주별 매출'!BL57=0,"",K53/'주별 매출'!BL57-1) -> 0.099704774 | M53: =SUM('주별 매출'!BJ57:BM57) -> 38296550 | N53: =SUM('주별 매출'!BF57:BI57) -> 44479760 | O53: =IF(N53=0,"",M53/N53-1) -> -0.13901177 | P53: ='주별 매출'!M57 -> 0 | Q53: =IF(P53=0,"",K53/P53-1) | R53: =IF($M$8=0,"",M53/$M$8) -> 0.0019184746 | S53: =IF(AND(M53=0,N53=0),"-",IF(N53=0,"● 신규 발생",IF(M53=0,"■ 매출 중단",IF(O53>=0.05,"▲ 상승",IF(O53<=-0.05,"▼ 하락","― 보합"))))) -> ▼ 하락 | T53: =IF(AND(F53=0,G53=0),"-",IF(F53=0,"● 신규 발생",IF(G53=0,"■ 매출 중단",IF(H53>=0.05,"▲ 상승",IF(H53<=-0.05,"▼ 하락","― 보합"))))) -> ▲ 상승
A54: 46 | B54: 기존 | C54: S62334 | D54: 파파밸리 대 | E54: ='주별 매출'!D74 -> 7 | F54: =AVERAGE('월별 매출'!D74:F74) -> 31309845 | G54: =AVERAGE('월별 매출'!J74:L74) -> 35612551 | H54: =IF(F54=0,"",G54/F54-1) -> 0.13742342 | I54: ='월별 매출'!L74 -> 33857922 | J54: ='월별 매출'!U74 -> -0.045149356 | K54: ='주별 매출'!BM74 -> 7433052 | L54: =IF('주별 매출'!BL74=0,"",K54/'주별 매출'!BL74-1) -> -0.37252844 | M54: =SUM('주별 매출'!BJ74:BM74) -> 35741561 | N54: =SUM('주별 매출'!BF74:BI74) -> 32038441 | O54: =IF(N54=0,"",M54/N54-1) -> 0.11558365 | P54: ='주별 매출'!M74 -> 6484554 | Q54: =IF(P54=0,"",K54/P54-1) -> 0.14627035 | R54: =IF($M$8=0,"",M54/$M$8) -> 0.0017904819 | S54: =IF(AND(M54=0,N54=0),"-",IF(N54=0,"● 신규 발생",IF(M54=0,"■ 매출 중단",IF(O54>=0.05,"▲ 상승",IF(O54<=-0.05,"▼ 하락","― 보합"))))) -> ▲ 상승 | T54: =IF(AND(F54=0,G54=0),"-",IF(F54=0,"● 신규 발생",IF(G54=0,"■ 매출 중단",IF(H54>=0.05,"▲ 상승",IF(H54<=-0.05,"▼ 하락","― 보합"))))) -> ▲ 상승
A55: 47 | B55: 기존 | C55: S213857 | D55: 경성술집_대분류 | E55: ='주별 매출'!D30 -> 17 | F55: =AVERAGE('월별 매출'!D30:F30) -> 42521608 | G55: =AVERAGE('월별 매출'!J30:L30) -> 38781213 | H55: =IF(F55=0,"",G55/F55-1) -> -0.087964579 | I55: ='월별 매출'!L30 -> 37227478 | J55: ='월별 매출'!U30 -> 0.03643905 | K55: ='주별 매출'!BM30 -> 8920442 | L55: =IF('주별 매출'!BL30=0,"",K55/'주별 매출'!BL30-1) -> 0.21987983 | M55: =SUM('주별 매출'!BJ30:BM30) -> 33911272 | N55: =SUM('주별 매출'!BF30:BI30) -> 32615764 | O55: =IF(N55=0,"",M55/N55-1) -> 0.039720302 | P55: ='주별 매출'!M30 -> 4061582 | Q55: =IF(P55=0,"",K55/P55-1) -> 1.1962974 | R55: =IF($M$8=0,"",M55/$M$8) -> 0.0016987931 | S55: =IF(AND(M55=0,N55=0),"-",IF(N55=0,"● 신규 발생",IF(M55=0,"■ 매출 중단",IF(O55>=0.05,"▲ 상승",IF(O55<=-0.05,"▼ 하락","― 보합"))))) -> ― 보합 | T55: =IF(AND(F55=0,G55=0),"-",IF(F55=0,"● 신규 발생",IF(G55=0,"■ 매출 중단",IF(H55>=0.05,"▲ 상승",IF(H55<=-0.05,"▼ 하락","― 보합"))))) -> ▼ 하락
A56: 48 | B56: 기존 | C56: S182647 | D56: 맛똥삼 대코드 | E56: ='주별 매출'!D64 -> 7 | F56: =AVERAGE('월별 매출'!D64:F64) -> 38193870 | G56: =AVERAGE('월별 매출'!J64:L64) -> 35009147 | H56: =IF(F56=0,"",G56/F56-1) -> -0.083383101 | I56: ='월별 매출'!L64 -> 37280990 | J56: ='월별 매출'!U64 -> 0.19948579 | K56: ='주별 매출'!BM64 -> 7172110 | L56: =IF('주별 매출'!BL64=0,"",K56/'주별 매출'!BL64-1) -> -0.052162008 | M56: =SUM('주별 매출'!BJ64:BM64) -> 33335610 | N56: =SUM('주별 매출'!BF64:BI64) -> 32500790 | O56: =IF(N56=0,"",M56/N56-1) -> 0.025686145 | P56: ='주별 매출'!M64 -> 4715510 | Q56: =IF(P56=0,"",K56/P56-1) -> 0.52096168 | R56: =IF($M$8=0,"",M56/$M$8) -> 0.0016699552 | S56: =IF(AND(M56=0,N56=0),"-",IF(N56=0,"● 신규 발생",IF(M56=0,"■ 매출 중단",IF(O56>=0.05,"▲ 상승",IF(O56<=-0.05,"▼ 하락","― 보합"))))) -> ― 보합 | T56: =IF(AND(F56=0,G56=0),"-",IF(F56=0,"● 신규 발생",IF(G56=0,"■ 매출 중단",IF(H56>=0.05,"▲ 상승",IF(H56<=-0.05,"▼ 하락","― 보합"))))) -> ▼ 하락
A57: 49 | B57: 기존 | C57: S210538 | D57: 선진VFC(치킨파티, 조타코)_대코드 | E57: ='주별 매출'!D72 -> 19 | F57: =AVERAGE('월별 매출'!D72:F72) -> 35176425 | G57: =AVERAGE('월별 매출'!J72:L72) -> 41634331 | H57: =IF(F57=0,"",G57/F57-1) -> 0.1835862 | I57: ='월별 매출'!L72 -> 36516612 | J57: ='월별 매출'!U72 -> -0.085891651 | K57: ='주별 매출'!BM72 -> 7670232 | L57: =IF('주별 매출'!BL72=0,"",K57/'주별 매출'!BL72-1) -> -0.18767919 | M57: =SUM('주별 매출'!BJ72:BM72) -> 31416838 | N57: =SUM('주별 매출'!BF72:BI72) -> 38468606 | O57: =IF(N57=0,"",M57/N57-1) -> -0.18331228 | P57: ='주별 매출'!M72 -> 7877766 | Q57: =IF(P57=0,"",K57/P57-1) -> -0.026344271 | R57: =IF($M$8=0,"",M57/$M$8) -> 0.0015738339 | S57: =IF(AND(M57=0,N57=0),"-",IF(N57=0,"● 신규 발생",IF(M57=0,"■ 매출 중단",IF(O57>=0.05,"▲ 상승",IF(O57<=-0.05,"▼ 하락","― 보합"))))) -> ▼ 하락 | T57: =IF(AND(F57=0,G57=0),"-",IF(F57=0,"● 신규 발생",IF(G57=0,"■ 매출 중단",IF(H57>=0.05,"▲ 상승",IF(H57<=-0.05,"▼ 하락","― 보합"))))) -> ▲ 상승
A58: 50 | B58: 기존 | C58: S70051 | D58: 트랜차이즈(신)_대분류 | E58: ='주별 매출'!D75 -> 26 | F58: =AVERAGE('월별 매출'!D75:F75) -> 42732955 | G58: =AVERAGE('월별 매출'!J75:L75) -> 33873149 | H58: =IF(F58=0,"",G58/F58-1) -> -0.20732958 | I58: ='월별 매출'!L75 -> 33532611 | J58: ='월별 매출'!U75 -> 0.036605653 | K58: ='주별 매출'!BM75 -> 6526171 | L58: =IF('주별 매출'!BL75=0,"",K58/'주별 매출'!BL75-1) -> -0.18940841 | M58: =SUM('주별 매출'!BJ75:BM75) -> 30727323 | N58: =SUM('주별 매출'!BF75:BI75) -> 29509462 | O58: =IF(N58=0,"",M58/N58-1) -> 0.041270186 | P58: ='주별 매출'!M75 -> 13546086 | Q58: =IF(P58=0,"",K58/P58-1) -> -0.5182246 | R58: =IF($M$8=0,"",M58/$M$8) -> 0.0015392924 | S58: =IF(AND(M58=0,N58=0),"-",IF(N58=0,"● 신규 발생",IF(M58=0,"■ 매출 중단",IF(O58>=0.05,"▲ 상승",IF(O58<=-0.05,"▼ 하락","― 보합"))))) -> ― 보합 | T58: =IF(AND(F58=0,G58=0),"-",IF(F58=0,"● 신규 발생",IF(G58=0,"■ 매출 중단",IF(H58>=0.05,"▲ 상승",IF(H58<=-0.05,"▼ 하락","― 보합"))))) -> ▼ 하락
A59: 51 | B59: 신규 | C59: S247530 | D59: 포플로어 대분류 | E59: ='주별 매출'!D13 -> 8 | F59: =AVERAGE('월별 매출'!D13:F13) -> 1905010 | G59: =AVERAGE('월별 매출'!J13:L13) -> 36286213 | H59: =IF(F59=0,"",G59/F59-1) -> 18.047781 | I59: ='월별 매출'!L13 -> 31556800 | J59: ='월별 매출'!U13 -> -0.22533671 | K59: ='주별 매출'!BM13 -> 6679240 | L59: =IF('주별 매출'!BL13=0,"",K59/'주별 매출'!BL13-1) -> -0.18933096 | M59: =SUM('주별 매출'!BJ13:BM13) -> 29553340 | N59: =SUM('주별 매출'!BF13:BI13) -> 32826200 | O59: =IF(N59=0,"",M59/N59-1) -> -0.099702677 | P59: ='주별 매출'!M13 -> 0 | Q59: =IF(P59=0,"",K59/P59-1) | R59: =IF($M$8=0,"",M59/$M$8) -> 0.0014804815 | S59: =IF(AND(M59=0,N59=0),"-",IF(N59=0,"● 신규 발생",IF(M59=0,"■ 매출 중단",IF(O59>=0.05,"▲ 상승",IF(O59<=-0.05,"▼ 하락","― 보합"))))) -> ▼ 하락 | T59: =IF(AND(F59=0,G59=0),"-",IF(F59=0,"● 신규 발생",IF(G59=0,"■ 매출 중단",IF(H59>=0.05,"▲ 상승",IF(H59<=-0.05,"▼ 하락","― 보합"))))) -> ▲ 상승
A60: 52 | B60: 기존 | C60: S226218 | D60: 김금자숯불갈비 대분류 | E60: ='주별 매출'!D42 -> 6 | F60: =AVERAGE('월별 매출'!D42:F42) -> 363639556 | G60: =AVERAGE('월별 매출'!J42:L42) -> 70133615 | H60: =IF(F60=0,"",G60/F60-1) -> -0.80713425 | I60: ='월별 매출'!L42 -> 41324209 | J60: ='월별 매출'!U42 -> -0.44683559 | K60: ='주별 매출'!BM42 -> 5619343 | L60: =IF('주별 매출'!BL42=0,"",K60/'주별 매출'!BL42-1) -> 0.16515832 | M60: =SUM('주별 매출'!BJ42:BM42) -> 26426105 | N60: =SUM('주별 매출'!BF42:BI42) -> 45069772 | O60: =IF(N60=0,"",M60/N60-1) -> -0.41366233 | P60: ='주별 매출'!M42 -> 83825425 | Q60: =IF(P60=0,"",K60/P60-1) -> -0.93296374 | R60: =IF($M$8=0,"",M60/$M$8) -> 0.0013238219 | S60: =IF(AND(M60=0,N60=0),"-",IF(N60=0,"● 신규 발생",IF(M60=0,"■ 매출 중단",IF(O60>=0.05,"▲ 상승",IF(O60<=-0.05,"▼ 하락","― 보합"))))) -> ▼ 하락 | T60: =IF(AND(F60=0,G60=0),"-",IF(F60=0,"● 신규 발생",IF(G60=0,"■ 매출 중단",IF(H60>=0.05,"▲ 상승",IF(H60<=-0.05,"▼ 하락","― 보합"))))) -> ▼ 하락
A61: 53 | B61: 기존 | C61: S80394 | D61: 대한맥주집 대 | E61: ='주별 매출'!D110 -> 5 | F61: =AVERAGE('월별 매출'!D110:F110) -> 26759470 | G61: =AVERAGE('월별 매출'!J110:L110) -> 28950166 | H61: =IF(F61=0,"",G61/F61-1) -> 0.081866221 | I61: ='월별 매출'!L110 -> 27628053 | J61: ='월별 매출'!U110 -> -0.047445619 | K61: ='주별 매출'!BM110 -> 5286510 | L61: =IF('주별 매출'!BL110=0,"",K61/'주별 매출'!BL110-1) -> -0.16539683 | M61: =SUM('주별 매출'!BJ110:BM110) -> 25108783 | N61: =SUM('주별 매출'!BF110:BI110) -> 25313277 | O61: =IF(N61=0,"",M61/N61-1) -> -0.0080785273 | P61: ='주별 매출'!M110 -> 0 | Q61: =IF(P61=0,"",K61/P61-1) | R61: =IF($M$8=0,"",M61/$M$8) -> 0.0012578304 | S61: =IF(AND(M61=0,N61=0),"-",IF(N61=0,"● 신규 발생",IF(M61=0,"■ 매출 중단",IF(O61>=0.05,"▲ 상승",IF(O61<=-0.05,"▼ 하락","― 보합"))))) -> ― 보합 | T61: =IF(AND(F61=0,G61=0),"-",IF(F61=0,"● 신규 발생",IF(G61=0,"■ 매출 중단",IF(H61>=0.05,"▲ 상승",IF(H61<=-0.05,"▼ 하락","― 보합"))))) -> ▲ 상승
A62: 54 | B62: 기존 | C62: S11409 | D62: 아리스타(대) | E62: ='주별 매출'!D63 -> 10 | F62: =AVERAGE('월별 매출'!D63:F63) -> 34691977 | G62: =AVERAGE('월별 매출'!J63:L63) -> 34665442 | H62: =IF(F62=0,"",G62/F62-1) -> -0.00076488385 | I62: ='월별 매출'!L63 -> 32143738 | J62: ='월별 매출'!U63 -> -0.039099326 | K62: ='주별 매출'!BM63 -> 8512410 | L62: =IF('주별 매출'!BL63=0,"",K62/'주별 매출'!BL63-1) -> 0.60019377 | M62: =SUM('주별 매출'!BJ63:BM63) -> 24871940 | N62: =SUM('주별 매출'!BF63:BI63) -> 33132436 | O62: =IF(N62=0,"",M62/N62-1) -> -0.2493175 | P62: ='주별 매출'!M63 -> 12711680 | Q62: =IF(P62=0,"",K62/P62-1) -> -0.33034737 | R62: =IF($M$8=0,"",M62/$M$8) -> 0.0012459657 | S62: =IF(AND(M62=0,N62=0),"-",IF(N62=0,"● 신규 발생",IF(M62=0,"■ 매출 중단",IF(O62>=0.05,"▲ 상승",IF(O62<=-0.05,"▼ 하락","― 보합"))))) -> ▼ 하락 | T62: =IF(AND(F62=0,G62=0),"-",IF(F62=0,"● 신규 발생",IF(G62=0,"■ 매출 중단",IF(H62>=0.05,"▲ 상승",IF(H62<=-0.05,"▼ 하락","― 보합"))))) -> ― 보합
A63: 55 | B63: 기존 | C63: S97687 | D63: 더맨타코 본사 | E63: ='주별 매출'!D101 -> 7 | F63: =AVERAGE('월별 매출'!D101:F101) -> 34969420 | G63: =AVERAGE('월별 매출'!J101:L101) -> 32469980 | H63: =IF(F63=0,"",G63/F63-1) -> -0.07147502 | I63: ='월별 매출'!L101 -> 27259580 | J63: ='월별 매출'!U101 -> -0.16934653 | K63: ='주별 매출'!BM101 -> 4487880 | L63: =IF('주별 매출'!BL101=0,"",K63/'주별 매출'!BL101-1) -> -0.29764498 | M63: =SUM('주별 매출'!BJ101:BM101) -> 22605060 | N63: =SUM('주별 매출'!BF101:BI101) -> 25690820 | O63: =IF(N63=0,"",M63/N63-1) -> -0.12011139 | P63: ='주별 매출'!M101 -> 11271110 | Q63: =IF(P63=0,"",K63/P63-1) -> -0.60182449 | R63: =IF($M$8=0,"",M63/$M$8) -> 0.0011324058 | S63: =IF(AND(M63=0,N63=0),"-",IF(N63=0,"● 신규 발생",IF(M63=0,"■ 매출 중단",IF(O63>=0.05,"▲ 상승",IF(O63<=-0.05,"▼ 하락","― 보합"))))) -> ▼ 하락 | T63: =IF(AND(F63=0,G63=0),"-",IF(F63=0,"● 신규 발생",IF(G63=0,"■ 매출 중단",IF(H63>=0.05,"▲ 상승",IF(H63<=-0.05,"▼ 하락","― 보합"))))) -> ▼ 하락
A64: 56 | B64: 기존 | C64: S99532 | D64: 족도리_대분류 | E64: ='주별 매출'!D107 -> 7 | F64: =AVERAGE('월별 매출'!D107:F107) -> 17698313 | G64: =AVERAGE('월별 매출'!J107:L107) -> 23471813 | H64: =IF(F64=0,"",G64/F64-1) -> 0.32621753 | I64: ='월별 매출'!L107 -> 20104560 | J64: ='월별 매출'!U107 -> -0.20732221 | K64: ='주별 매출'!BM107 -> 5715120 | L64: =IF('주별 매출'!BL107=0,"",K64/'주별 매출'!BL107-1) -> -0.022158802 | M64: =SUM('주별 매출'!BJ107:BM107) -> 21222800 | N64: =SUM('주별 매출'!BF107:BI107) -> 18808180 | O64: =IF(N64=0,"",M64/N64-1) -> 0.12838137 | P64: ='주별 매출'!M107 -> 4473400 | Q64: =IF(P64=0,"",K64/P64-1) -> 0.27757858 | R64: =IF($M$8=0,"",M64/$M$8) -> 0.0010631611 | S64: =IF(AND(M64=0,N64=0),"-",IF(N64=0,"● 신규 발생",IF(M64=0,"■ 매출 중단",IF(O64>=0.05,"▲ 상승",IF(O64<=-0.05,"▼ 하락","― 보합"))))) -> ▲ 상승 | T64: =IF(AND(F64=0,G64=0),"-",IF(F64=0,"● 신규 발생",IF(G64=0,"■ 매출 중단",IF(H64>=0.05,"▲ 상승",IF(H64<=-0.05,"▼ 하락","― 보합"))))) -> ▲ 상승
A65: 57 | B65: 신규 | C65: S243775 | D65: 비어프랜드 대 | E65: ='주별 매출'!D7 -> 21 | F65: =AVERAGE('월별 매출'!D7:F7) -> 20079877 | G65: =AVERAGE('월별 매출'!J7:L7) -> 27420587 | H65: =IF(F65=0,"",G65/F65-1) -> 0.36557545 | I65: ='월별 매출'!L7 -> 23634020 | J65: ='월별 매출'!U7 -> -0.080792135 | K65: ='주별 매출'!BM7 -> 5586320 | L65: =IF('주별 매출'!BL7=0,"",K65/'주별 매출'!BL7-1) -> 0.24743649 | M65: =SUM('주별 매출'!BJ7:BM7) -> 20577580 | N65: =SUM('주별 매출'!BF7:BI7) -> 21433360 | O65: =IF(N65=0,"",M65/N65-1) -> -0.039927478 | P65: ='주별 매출'!M7 -> 0 | Q65: =IF(P65=0,"",K65/P65-1) | R65: =IF($M$8=0,"",M65/$M$8) -> 0.0010308387 | S65: =IF(AND(M65=0,N65=0),"-",IF(N65=0,"● 신규 발생",IF(M65=0,"■ 매출 중단",IF(O65>=0.05,"▲ 상승",IF(O65<=-0.05,"▼ 하락","― 보합"))))) -> ― 보합 | T65: =IF(AND(F65=0,G65=0),"-",IF(F65=0,"● 신규 발생",IF(G65=0,"■ 매출 중단",IF(H65>=0.05,"▲ 상승",IF(H65<=-0.05,"▼ 하락","― 보합"))))) -> ▲ 상승
A66: 58 | B66: 기존 | C66: S88418 | D66: FR_온달집 대분류 | E66: ='주별 매출'!D85 -> 7 | F66: =AVERAGE('월별 매출'!D85:F85) -> 21486720 | G66: =AVERAGE('월별 매출'!J85:L85) -> 18795560 | H66: =IF(F66=0,"",G66/F66-1) -> -0.12524759 | I66: ='월별 매출'!L85 -> 21621320 | J66: ='월별 매출'!U85 -> 0.39462965 | K66: ='주별 매출'!BM85 -> 6362940 | L66: =IF('주별 매출'!BL85=0,"",K66/'주별 매출'!BL85-1) -> 0.61958384 | M66: =SUM('주별 매출'!BJ85:BM85) -> 20146970 | N66: =SUM('주별 매출'!BF85:BI85) -> 17692010 | O66: =IF(N66=0,"",M66/N66-1) -> 0.13876094 | P66: ='주별 매출'!M85 -> 4685280 | Q66: =IF(P66=0,"",K66/P66-1) -> 0.35807038 | R66: =IF($M$8=0,"",M66/$M$8) -> 0.0010092672 | S66: =IF(AND(M66=0,N66=0),"-",IF(N66=0,"● 신규 발생",IF(M66=0,"■ 매출 중단",IF(O66>=0.05,"▲ 상승",IF(O66<=-0.05,"▼ 하락","― 보합"))))) -> ▲ 상승 | T66: =IF(AND(F66=0,G66=0),"-",IF(F66=0,"● 신규 발생",IF(G66=0,"■ 매출 중단",IF(H66>=0.05,"▲ 상승",IF(H66<=-0.05,"▼ 하락","― 보합"))))) -> ▼ 하락
A67: 59 | B67: 기존 | C67: S11408 | D67: 트랜차이즈(대) | E67: ='주별 매출'!D62 -> 9 | F67: =AVERAGE('월별 매출'!D62:F62) -> 28161125 | G67: =AVERAGE('월별 매출'!J62:L62) -> 21965799 | H67: =IF(F67=0,"",G67/F67-1) -> -0.21999568 | I67: ='월별 매출'!L62 -> 21091915 | J67: ='월별 매출'!U62 -> -0.016477748 | K67: ='주별 매출'!BM62 -> 5374458 | L67: =IF('주별 매출'!BL62=0,"",K67/'주별 매출'!BL62-1) -> 0.33196513 | M67: =SUM('주별 매출'!BJ62:BM62) -> 19049176 | N67: =SUM('주별 매출'!BF62:BI62) -> 19866545 | O67: =IF(N67=0,"",M67/N67-1) -> -0.041142987 | P67: ='주별 매출'!M62 -> 7722519 | Q67: =IF(P67=0,"",K67/P67-1) -> -0.30405377 | R67: =IF($M$8=0,"",M67/$M$8) -> 0.00095427293 | S67: =IF(AND(M67=0,N67=0),"-",IF(N67=0,"● 신규 발생",IF(M67=0,"■ 매출 중단",IF(O67>=0.05,"▲ 상승",IF(O67<=-0.05,"▼ 하락","― 보합"))))) -> ― 보합 | T67: =IF(AND(F67=0,G67=0),"-",IF(F67=0,"● 신규 발생",IF(G67=0,"■ 매출 중단",IF(H67>=0.05,"▲ 상승",IF(H67<=-0.05,"▼ 하락","― 보합"))))) -> ▼ 하락
A68: 60 | B68: 기존 | C68: S98322 | D68: 롱타임노씨(대) | E68: ='주별 매출'!D105 -> 7 | F68: =AVERAGE('월별 매출'!D105:F105) -> 23103026 | G68: =AVERAGE('월별 매출'!J105:L105) -> 18234888 | H68: =IF(F68=0,"",G68/F68-1) -> -0.21071431 | I68: ='월별 매출'!L105 -> 21527190 | J68: ='월별 매출'!U105 -> 0.32374427 | K68: ='주별 매출'!BM105 -> 3516682 | L68: =IF('주별 매출'!BL105=0,"",K68/'주별 매출'!BL105-1) -> -0.25207485 | M68: =SUM('주별 매출'!BJ105:BM105) -> 17898149 | N68: =SUM('주별 매출'!BF105:BI105) -> 17917342 | O68: =IF(N68=0,"",M68/N68-1) -> -0.0010711968 | P68: ='주별 매출'!M105 -> 5869250 | Q68: =IF(P68=0,"",K68/P68-1) -> -0.40082941 | R68: =IF($M$8=0,"",M68/$M$8) -> 0.00089661197 | S68: =IF(AND(M68=0,N68=0),"-",IF(N68=0,"● 신규 발생",IF(M68=0,"■ 매출 중단",IF(O68>=0.05,"▲ 상승",IF(O68<=-0.05,"▼ 하락","― 보합"))))) -> ― 보합 | T68: =IF(AND(F68=0,G68=0),"-",IF(F68=0,"● 신규 발생",IF(G68=0,"■ 매출 중단",IF(H68>=0.05,"▲ 상승",IF(H68<=-0.05,"▼ 하락","― 보합"))))) -> ▼ 하락
A69: 61 | B69: 기존 | C69: S187256 | D69: FR_남파랑국밥_상암본점(24) | E69: ='주별 매출'!D66 -> 2 | F69: =AVERAGE('월별 매출'!D66:F66) -> 29973406 | G69: =AVERAGE('월별 매출'!J66:L66) -> 25019394 | H69: =IF(F69=0,"",G69/F69-1) -> -0.16528027 | I69: ='월별 매출'!L66 -> 24085838 | J69: ='월별 매출'!U66 -> 0.053056782 | K69: ='주별 매출'!BM66 -> 5136616 | L69: =IF('주별 매출'!BL66=0,"",K69/'주별 매출'!BL66-1) -> 0.37170001 | M69: =SUM('주별 매출'!BJ66:BM66) -> 16649205 | N69: =SUM('주별 매출'!BF66:BI66) -> 26964117 | O69: =IF(N69=0,"",M69/N69-1) -> -0.38254218 | P69: ='주별 매출'!M66 -> 9131790 | Q69: =IF(P69=0,"",K69/P69-1) -> -0.43750174 | R69: =IF($M$8=0,"",M69/$M$8) -> 0.00083404583 | S69: =IF(AND(M69=0,N69=0),"-",IF(N69=0,"● 신규 발생",IF(M69=0,"■ 매출 중단",IF(O69>=0.05,"▲ 상승",IF(O69<=-0.05,"▼ 하락","― 보합"))))) -> ▼ 하락 | T69: =IF(AND(F69=0,G69=0),"-",IF(F69=0,"● 신규 발생",IF(G69=0,"■ 매출 중단",IF(H69>=0.05,"▲ 상승",IF(H69<=-0.05,"▼ 하락","― 보합"))))) -> ▼ 하락
A70: 62 | B70: 신규 | C70: S257732 | D70: 석관동떡볶이(N) | E70: ='주별 매출'!D22 -> 13 | F70: =AVERAGE('월별 매출'!D22:F22) -> 0 | G70: =AVERAGE('월별 매출'!J22:L22) -> 33371629 | H70: =IF(F70=0,"",G70/F70-1) | I70: ='월별 매출'!L22 -> 40039396 | J70: ='월별 매출'!U22 -> 0.38259015 | K70: ='주별 매출'!BM22 -> 4798930 | L70: =IF('주별 매출'!BL22=0,"",K70/'주별 매출'!BL22-1) -> 0.10686386 | M70: =SUM('주별 매출'!BJ22:BM22) -> 15554030 | N70: =SUM('주별 매출'!BF22:BI22) -> 34537980 | O70: =IF(N70=0,"",M70/N70-1) -> -0.54965432 | P70: ='주별 매출'!M22 -> 0 | Q70: =IF(P70=0,"",K70/P70-1) | R70: =IF($M$8=0,"",M70/$M$8) -> 0.00077918278 | S70: =IF(AND(M70=0,N70=0),"-",IF(N70=0,"● 신규 발생",IF(M70=0,"■ 매출 중단",IF(O70>=0.05,"▲ 상승",IF(O70<=-0.05,"▼ 하락","― 보합"))))) -> ▼ 하락 | T70: =IF(AND(F70=0,G70=0),"-",IF(F70=0,"● 신규 발생",IF(G70=0,"■ 매출 중단",IF(H70>=0.05,"▲ 상승",IF(H70<=-0.05,"▼ 하락","― 보합"))))) -> ● 신규 발생
A71: 63 | B71: 신규 | C71: S240084 | D71: 찌개찝 대 | E71: ='주별 매출'!D6 -> 6 | F71: =AVERAGE('월별 매출'!D6:F6) -> 28292314 | G71: =AVERAGE('월별 매출'!J6:L6) -> 19737247 | H71: =IF(F71=0,"",G71/F71-1) -> -0.30238132 | I71: ='월별 매출'!L6 -> 18149340 | J71: ='월별 매출'!U6 -> -0.032869769 | K71: ='주별 매출'!BM6 -> 4361210 | L71: =IF('주별 매출'!BL6=0,"",K71/'주별 매출'!BL6-1) -> 0.66443785 | M71: =SUM('주별 매출'!BJ6:BM6) -> 15250900 | N71: =SUM('주별 매출'!BF6:BI6) -> 16527470 | O71: =IF(N71=0,"",M71/N71-1) -> -0.077239287 | P71: ='주별 매출'!M6 -> 0 | Q71: =IF(P71=0,"",K71/P71-1) | R71: =IF($M$8=0,"",M71/$M$8) -> 0.00076399741 | S71: =IF(AND(M71=0,N71=0),"-",IF(N71=0,"● 신규 발생",IF(M71=0,"■ 매출 중단",IF(O71>=0.05,"▲ 상승",IF(O71<=-0.05,"▼ 하락","― 보합"))))) -> ▼ 하락 | T71: =IF(AND(F71=0,G71=0),"-",IF(F71=0,"● 신규 발생",IF(G71=0,"■ 매출 중단",IF(H71>=0.05,"▲ 상승",IF(H71<=-0.05,"▼ 하락","― 보합"))))) -> ▼ 하락
A72: 64 | B72: 기존 | C72: S90030 | D72: FR_마피아피자 대분류 | E72: ='주별 매출'!D117 -> 7 | F72: =AVERAGE('월별 매출'!D117:F117) -> 22105050 | G72: =AVERAGE('월별 매출'!J117:L117) -> 18857773 | H72: =IF(F72=0,"",G72/F72-1) -> -0.14690203 | I72: ='월별 매출'!L117 -> 17911440 | J72: ='월별 매출'!U117 -> -0.022875211 | K72: ='주별 매출'!BM117 -> 3715340 | L72: =IF('주별 매출'!BL117=0,"",K72/'주별 매출'!BL117-1) -> -0.060803313 | M72: =SUM('주별 매출'!BJ117:BM117) -> 15171670 | N72: =SUM('주별 매출'!BF117:BI117) -> 17746020 | O72: =IF(N72=0,"",M72/N72-1) -> -0.14506633 | P72: ='주별 매출'!M117 -> 0 | Q72: =IF(P72=0,"",K72/P72-1) | R72: =IF($M$8=0,"",M72/$M$8) -> 0.00076002836 | S72: =IF(AND(M72=0,N72=0),"-",IF(N72=0,"● 신규 발생",IF(M72=0,"■ 매출 중단",IF(O72>=0.05,"▲ 상승",IF(O72<=-0.05,"▼ 하락","― 보합"))))) -> ▼ 하락 | T72: =IF(AND(F72=0,G72=0),"-",IF(F72=0,"● 신규 발생",IF(G72=0,"■ 매출 중단",IF(H72>=0.05,"▲ 상승",IF(H72<=-0.05,"▼ 하락","― 보합"))))) -> ▼ 하락
A73: 65 | B73: 기존 | C73: S82111 | D73: FR_푸드감동을주다_(쉐프밀본사) | E73: ='주별 매출'!D80 -> 8 | F73: =AVERAGE('월별 매출'!D80:F80) -> 18629717 | G73: =AVERAGE('월별 매출'!J80:L80) -> 17459583 | H73: =IF(F73=0,"",G73/F73-1) -> -0.062810045 | I73: ='월별 매출'!L80 -> 16508490 | J73: ='월별 매출'!U80 -> -0.10062777 | K73: ='주별 매출'!BM80 -> 3463540 | L73: =IF('주별 매출'!BL80=0,"",K73/'주별 매출'!BL80-1) -> -0.11963296 | M73: =SUM('주별 매출'!BJ80:BM80) -> 14542130 | N73: =SUM('주별 매출'!BF80:BI80) -> 15588360 | O73: =IF(N73=0,"",M73/N73-1) -> -0.067116105 | P73: ='주별 매출'!M80 -> 5031420 | Q73: =IF(P73=0,"",K73/P73-1) -> -0.31161779 | R73: =IF($M$8=0,"",M73/$M$8) -> 0.00072849141 | S73: =IF(AND(M73=0,N73=0),"-",IF(N73=0,"● 신규 발생",IF(M73=0,"■ 매출 중단",IF(O73>=0.05,"▲ 상승",IF(O73<=-0.05,"▼ 하락","― 보합"))))) -> ▼ 하락 | T73: =IF(AND(F73=0,G73=0),"-",IF(F73=0,"● 신규 발생",IF(G73=0,"■ 매출 중단",IF(H73>=0.05,"▲ 상승",IF(H73<=-0.05,"▼ 하락","― 보합"))))) -> ▼ 하락
A74: 66 | B74: 신규 | C74: S249140 | D74: 투고샐러드 대 | E74: ='주별 매출'!D17 -> 5 | F74: =AVERAGE('월별 매출'!D17:F17) -> 0 | G74: =AVERAGE('월별 매출'!J17:L17) -> 20864778 | H74: =IF(F74=0,"",G74/F74-1) | I74: ='월별 매출'!L17 -> 18298562 | J74: ='월별 매출'!U17 -> -0.025883407 | K74: ='주별 매출'!BM17 -> 3406305 | L74: =IF('주별 매출'!BL17=0,"",K74/'주별 매출'!BL17-1) -> 0.37659632 | M74: =SUM('주별 매출'!BJ17:BM17) -> 12817005 | N74: =SUM('주별 매출'!BF17:BI17) -> 18093659 | O74: =IF(N74=0,"",M74/N74-1) -> -0.29163001 | P74: ='주별 매출'!M17 -> 0 | Q74: =IF(P74=0,"",K74/P74-1) | R74: =IF($M$8=0,"",M74/$M$8) -> 0.00064207087 | S74: =IF(AND(M74=0,N74=0),"-",IF(N74=0,"● 신규 발생",IF(M74=0,"■ 매출 중단",IF(O74>=0.05,"▲ 상승",IF(O74<=-0.05,"▼ 하락","― 보합"))))) -> ▼ 하락 | T74: =IF(AND(F74=0,G74=0),"-",IF(F74=0,"● 신규 발생",IF(G74=0,"■ 매출 중단",IF(H74>=0.05,"▲ 상승",IF(H74<=-0.05,"▼ 하락","― 보합"))))) -> ● 신규 발생
A75: 67 | B75: 기존 | C75: S97164 | D75: 테트리스찜닭 대 | E75: ='주별 매출'!D99 -> 10 | F75: =AVERAGE('월별 매출'!D99:F99) -> 50398345 | G75: =AVERAGE('월별 매출'!J99:L99) -> 17809277 | H75: =IF(F75=0,"",G75/F75-1) -> -0.64662973 | I75: ='월별 매출'!L99 -> 13174539 | J75: ='월별 매출'!U99 -> -0.14647406 | K75: ='주별 매출'!BM99 -> 3280807 | L75: =IF('주별 매출'!BL99=0,"",K75/'주별 매출'!BL99-1) -> 0.089168691 | M75: =SUM('주별 매출'!BJ99:BM99) -> 11907364 | N75: =SUM('주별 매출'!BF99:BI99) -> 13169438 | O75: =IF(N75=0,"",M75/N75-1) -> -0.09583355 | P75: ='주별 매출'!M99 -> 14879154 | Q75: =IF(P75=0,"",K75/P75-1) -> -0.77950312 | R75: =IF($M$8=0,"",M75/$M$8) -> 0.00059650219 | S75: =IF(AND(M75=0,N75=0),"-",IF(N75=0,"● 신규 발생",IF(M75=0,"■ 매출 중단",IF(O75>=0.05,"▲ 상승",IF(O75<=-0.05,"▼ 하락","― 보합"))))) -> ▼ 하락 | T75: =IF(AND(F75=0,G75=0),"-",IF(F75=0,"● 신규 발생",IF(G75=0,"■ 매출 중단",IF(H75>=0.05,"▲ 상승",IF(H75<=-0.05,"▼ 하락","― 보합"))))) -> ▼ 하락
A76: 68 | B76: 기존 | C76: S89271 | D76: 웍스50 (대) | E76: ='주별 매출'!D114 -> 2 | F76: =AVERAGE('월별 매출'!D114:F114) -> 3316870.7 | G76: =AVERAGE('월별 매출'!J114:L114) -> 13591016 | H76: =IF(F76=0,"",G76/F76-1) -> 3.0975417 | I76: ='월별 매출'!L114 -> 13470910 | J76: ='월별 매출'!U114 -> 0.025236622 | K76: ='주별 매출'!BM114 -> 2711788 | L76: =IF('주별 매출'!BL114=0,"",K76/'주별 매출'!BL114-1) -> 0.059158138 | M76: =SUM('주별 매출'!BJ114:BM114) -> 11148007 | N76: =SUM('주별 매출'!BF114:BI114) -> 13249845 | O76: =IF(N76=0,"",M76/N76-1) -> -0.15863114 | P76: ='주별 매출'!M114 -> 0 | Q76: =IF(P76=0,"",K76/P76-1) | R76: =IF($M$8=0,"",M76/$M$8) -> 0.00055846202 | S76: =IF(AND(M76=0,N76=0),"-",IF(N76=0,"● 신규 발생",IF(M76=0,"■ 매출 중단",IF(O76>=0.05,"▲ 상승",IF(O76<=-0.05,"▼ 하락","― 보합"))))) -> ▼ 하락 | T76: =IF(AND(F76=0,G76=0),"-",IF(F76=0,"● 신규 발생",IF(G76=0,"■ 매출 중단",IF(H76>=0.05,"▲ 상승",IF(H76<=-0.05,"▼ 하락","― 보합"))))) -> ▲ 상승
A77: 69 | B77: 기존 | C77: S92279 | D77: FR_(주)뉴욕푸드_타임즈핫도그_대분류 | E77: ='주별 매출'!D119 -> 8 | F77: =AVERAGE('월별 매출'!D119:F119) -> 12029833 | G77: =AVERAGE('월별 매출'!J119:L119) -> 9859366.7 | H77: =IF(F77=0,"",G77/F77-1) -> -0.18042367 | I77: ='월별 매출'!L119 -> 11605480 | J77: ='월별 매출'!U119 -> 0.30172824 | K77: ='주별 매출'!BM119 -> 3958440 | L77: =IF('주별 매출'!BL119=0,"",K77/'주별 매출'!BL119-1) -> 0.85571302 | M77: =SUM('주별 매출'!BJ119:BM119) -> 11054030 | N77: =SUM('주별 매출'!BF119:BI119) -> 10046820 | O77: =IF(N77=0,"",M77/N77-1) -> 0.10025162 | P77: ='주별 매출'!M119 -> 0 | Q77: =IF(P77=0,"",K77/P77-1) | R77: =IF($M$8=0,"",M77/$M$8) -> 0.00055375422 | S77: =IF(AND(M77=0,N77=0),"-",IF(N77=0,"● 신규 발생",IF(M77=0,"■ 매출 중단",IF(O77>=0.05,"▲ 상승",IF(O77<=-0.05,"▼ 하락","― 보합"))))) -> ▲ 상승 | T77: =IF(AND(F77=0,G77=0),"-",IF(F77=0,"● 신규 발생",IF(G77=0,"■ 매출 중단",IF(H77>=0.05,"▲ 상승",IF(H77<=-0.05,"▼ 하락","― 보합"))))) -> ▼ 하락
A78: 70 | B78: 기존 | C78: S233472 | D78: 조흥(유통) | E78: ='주별 매출'!D123 -> 0 | F78: =AVERAGE('월별 매출'!D123:F123) -> 0 | G78: =AVERAGE('월별 매출'!J123:L123) -> 5962000 | H78: =IF(F78=0,"",G78/F78-1) | I78: ='월별 매출'!L123 -> 7222500 | J78: ='월별 매출'!U123 -> -0.25 | K78: ='주별 매출'!BM123 -> 0 | L78: =IF('주별 매출'!BL123=0,"",K78/'주별 매출'!BL123-1) -> -1 | M78: =SUM('주별 매출'!BJ123:BM123) -> 9148500 | N78: =SUM('주별 매출'!BF123:BI123) -> 9630000 | O78: =IF(N78=0,"",M78/N78-1) -> -0.05 | P78: ='주별 매출'!M123 -> 0 | Q78: =IF(P78=0,"",K78/P78-1) | R78: =IF($M$8=0,"",M78/$M$8) -> 0.00045829625 | S78: =IF(AND(M78=0,N78=0),"-",IF(N78=0,"● 신규 발생",IF(M78=0,"■ 매출 중단",IF(O78>=0.05,"▲ 상승",IF(O78<=-0.05,"▼ 하락","― 보합"))))) -> ▼ 하락 | T78: =IF(AND(F78=0,G78=0),"-",IF(F78=0,"● 신규 발생",IF(G78=0,"■ 매출 중단",IF(H78>=0.05,"▲ 상승",IF(H78<=-0.05,"▼ 하락","― 보합"))))) -> ● 신규 발생
A79: 71 | B79: 기존 | C79: S230738 | D79: 보스턴샐러드하우스 대분류 | E79: ='주별 매출'!D48 -> 12 | F79: =AVERAGE('월별 매출'!D48:F48) -> 10514900 | G79: =AVERAGE('월별 매출'!J48:L48) -> 11693483 | H79: =IF(F79=0,"",G79/F79-1) -> 0.11208698 | I79: ='월별 매출'!L48 -> 10009025 | J79: ='월별 매출'!U48 -> -0.21565832 | K79: ='주별 매출'!BM48 -> 2314717 | L79: =IF('주별 매출'!BL48=0,"",K79/'주별 매출'!BL48-1) -> -0.072780229 | M79: =SUM('주별 매출'!BJ48:BM48) -> 9138482 | N79: =SUM('주별 매출'!BF48:BI48) -> 10751302 | O79: =IF(N79=0,"",M79/N79-1) -> -0.1500116 | P79: ='주별 매출'!M48 -> 2912954 | Q79: =IF(P79=0,"",K79/P79-1) -> -0.20537125 | R79: =IF($M$8=0,"",M79/$M$8) -> 0.0004577944 | S79: =IF(AND(M79=0,N79=0),"-",IF(N79=0,"● 신규 발생",IF(M79=0,"■ 매출 중단",IF(O79>=0.05,"▲ 상승",IF(O79<=-0.05,"▼ 하락","― 보합"))))) -> ▼ 하락 | T79: =IF(AND(F79=0,G79=0),"-",IF(F79=0,"● 신규 발생",IF(G79=0,"■ 매출 중단",IF(H79>=0.05,"▲ 상승",IF(H79<=-0.05,"▼ 하락","― 보합"))))) -> ▲ 상승
A80: 72 | B80: 신규 | C80: S242492 | D80: 카페차이(대) | E80: ='주별 매출'!D8 -> 12 | F80: =AVERAGE('월별 매출'!D8:F8) -> 8283373.3 | G80: =AVERAGE('월별 매출'!J8:L8) -> 10338549 | H80: =IF(F80=0,"",G80/F80-1) -> 0.2481085 | I80: ='월별 매출'!L8 -> 11103634 | J80: ='월별 매출'!U8 -> 0.11923107 | K80: ='주별 매출'!BM8 -> 2099112 | L80: =IF('주별 매출'!BL8=0,"",K80/'주별 매출'!BL8-1) -> 0.082704068 | M80: =SUM('주별 매출'!BJ8:BM8) -> 8509712 | N80: =SUM('주별 매출'!BF8:BI8) -> 10233374 | O80: =IF(N80=0,"",M80/N80-1) -> -0.16843536 | P80: ='주별 매출'!M8 -> 0 | Q80: =IF(P80=0,"",K80/P80-1) | R80: =IF($M$8=0,"",M80/$M$8) -> 0.00042629602 | S80: =IF(AND(M80=0,N80=0),"-",IF(N80=0,"● 신규 발생",IF(M80=0,"■ 매출 중단",IF(O80>=0.05,"▲ 상승",IF(O80<=-0.05,"▼ 하락","― 보합"))))) -> ▼ 하락 | T80: =IF(AND(F80=0,G80=0),"-",IF(F80=0,"● 신규 발생",IF(G80=0,"■ 매출 중단",IF(H80>=0.05,"▲ 상승",IF(H80<=-0.05,"▼ 하락","― 보합"))))) -> ▲ 상승
A81: 73 | B81: 기존 | C81: S95956 | D81: 보드람죽 대 | E81: ='주별 매출'!D120 -> 4 | F81: =AVERAGE('월별 매출'!D120:F120) -> 9659213.3 | G81: =AVERAGE('월별 매출'!J120:L120) -> 9377163.3 | H81: =IF(F81=0,"",G81/F81-1) -> -0.0292001 | I81: ='월별 매출'!L120 -> 10583122 | J81: ='월별 매출'!U120 -> 0.46579175 | K81: ='주별 매출'!BM120 -> 1143447 | L81: =IF('주별 매출'!BL120=0,"",K81/'주별 매출'!BL120-1) -> -0.28844135 | M81: =SUM('주별 매출'!BJ120:BM120) -> 7521644 | N81: =SUM('주별 매출'!BF120:BI120) -> 8625082 | O81: =IF(N81=0,"",M81/N81-1) -> -0.12793362 | P81: ='주별 매출'!M120 -> 0 | Q81: =IF(P81=0,"",K81/P81-1) | R81: =IF($M$8=0,"",M81/$M$8) -> 0.00037679852 | S81: =IF(AND(M81=0,N81=0),"-",IF(N81=0,"● 신규 발생",IF(M81=0,"■ 매출 중단",IF(O81>=0.05,"▲ 상승",IF(O81<=-0.05,"▼ 하락","― 보합"))))) -> ▼ 하락 | T81: =IF(AND(F81=0,G81=0),"-",IF(F81=0,"● 신규 발생",IF(G81=0,"■ 매출 중단",IF(H81>=0.05,"▲ 상승",IF(H81<=-0.05,"▼ 하락","― 보합"))))) -> ― 보합
A82: 74 | B82: 신규 | C82: S266355 | D82: 야화 대코드 | E82: ='주별 매출'!D26 -> 14 | F82: =AVERAGE('월별 매출'!D26:F26) -> 0 | G82: =AVERAGE('월별 매출'!J26:L26) -> 1438701.3 | H82: =IF(F82=0,"",G82/F82-1) | I82: ='월별 매출'!L26 -> 4316104 | J82: ='월별 매출'!U26 | K82: ='주별 매출'!BM26 -> 2007119 | L82: =IF('주별 매출'!BL26=0,"",K82/'주별 매출'!BL26-1) -> 0.31190422 | M82: =SUM('주별 매출'!BJ26:BM26) -> 7440015 | N82: =SUM('주별 매출'!BF26:BI26) -> 1519364 | O82: =IF(N82=0,"",M82/N82-1) -> 3.8967956 | P82: ='주별 매출'!M26 -> 0 | Q82: =IF(P82=0,"",K82/P82-1) | R82: =IF($M$8=0,"",M82/$M$8) -> 0.00037270929 | S82: =IF(AND(M82=0,N82=0),"-",IF(N82=0,"● 신규 발생",IF(M82=0,"■ 매출 중단",IF(O82>=0.05,"▲ 상승",IF(O82<=-0.05,"▼ 하락","― 보합"))))) -> ▲ 상승 | T82: =IF(AND(F82=0,G82=0),"-",IF(F82=0,"● 신규 발생",IF(G82=0,"■ 매출 중단",IF(H82>=0.05,"▲ 상승",IF(H82<=-0.05,"▼ 하락","― 보합"))))) -> ● 신규 발생
A83: 75 | B83: 신규 | C83: S246240 | D83: 와이엔컴퍼니 대분류 | E83: ='주별 매출'!D12 -> 10 | F83: =AVERAGE('월별 매출'!D12:F12) -> 4693549.3 | G83: =AVERAGE('월별 매출'!J12:L12) -> 8826945 | H83: =IF(F83=0,"",G83/F83-1) -> 0.88065457 | I83: ='월별 매출'!L12 -> 6625365 | J83: ='월별 매출'!U12 -> -0.24692875 | K83: ='주별 매출'!BM12 -> 2490888 | L83: =IF('주별 매출'!BL12=0,"",K83/'주별 매출'!BL12-1) -> 1.4651713 | M83: =SUM('주별 매출'!BJ12:BM12) -> 6438623 | N83: =SUM('주별 매출'!BF12:BI12) -> 6290169 | O83: =IF(N83=0,"",M83/N83-1) -> 0.023600956 | P83: ='주별 매출'!M12 -> 0 | Q83: =IF(P83=0,"",K83/P83-1) | R83: =IF($M$8=0,"",M83/$M$8) -> 0.00032254433 | S83: =IF(AND(M83=0,N83=0),"-",IF(N83=0,"● 신규 발생",IF(M83=0,"■ 매출 중단",IF(O83>=0.05,"▲ 상승",IF(O83<=-0.05,"▼ 하락","― 보합"))))) -> ― 보합 | T83: =IF(AND(F83=0,G83=0),"-",IF(F83=0,"● 신규 발생",IF(G83=0,"■ 매출 중단",IF(H83>=0.05,"▲ 상승",IF(H83<=-0.05,"▼ 하락","― 보합"))))) -> ▲ 상승
A84: 76 | B84: 기존 | C84: S97911 | D84: 토스피아 대 | E84: ='주별 매출'!D103 -> 2 | F84: =AVERAGE('월별 매출'!D103:F103) -> 5239122.7 | G84: =AVERAGE('월별 매출'!J103:L103) -> 4950230 | H84: =IF(F84=0,"",G84/F84-1) -> -0.055141421 | I84: ='월별 매출'!L103 -> 7218430 | J84: ='월별 매출'!U103 -> 1.1078724 | K84: ='주별 매출'!BM103 -> 1941940 | L84: =IF('주별 매출'!BL103=0,"",K84/'주별 매출'!BL103-1) -> 0.33543764 | M84: =SUM('주별 매출'!BJ103:BM103) -> 6381280 | N84: =SUM('주별 매출'!BF103:BI103) -> 6467310 | O84: =IF(N84=0,"",M84/N84-1) -> -0.013302285 | P84: ='주별 매출'!M103 -> 2569940 | Q84: =IF(P84=0,"",K84/P84-1) -> -0.24436368 | R84: =IF($M$8=0,"",M84/$M$8) -> 0.00031967172 | S84: =IF(AND(M84=0,N84=0),"-",IF(N84=0,"● 신규 발생",IF(M84=0,"■ 매출 중단",IF(O84>=0.05,"▲ 상승",IF(O84<=-0.05,"▼ 하락","― 보합"))))) -> ― 보합 | T84: =IF(AND(F84=0,G84=0),"-",IF(F84=0,"● 신규 발생",IF(G84=0,"■ 매출 중단",IF(H84>=0.05,"▲ 상승",IF(H84<=-0.05,"▼ 하락","― 보합"))))) -> ▼ 하락
A85: 77 | B85: 기존 | C85: S237591 | D85: 마초부리또(대) | E85: ='주별 매출'!D55 -> 7 | F85: =AVERAGE('월별 매출'!D55:F55) -> 14832555 | G85: =AVERAGE('월별 매출'!J55:L55) -> 8274343.3 | H85: =IF(F85=0,"",G85/F85-1) -> -0.44214984 | I85: ='월별 매출'!L55 -> 8154426 | J85: ='월별 매출'!U55 -> 0.19371414 | K85: ='주별 매출'!BM55 -> 1920727 | L85: =IF('주별 매출'!BL55=0,"",K85/'주별 매출'!BL55-1) -> 0.13920975 | M85: =SUM('주별 매출'!BJ55:BM55) -> 6341728 | N85: =SUM('주별 매출'!BF55:BI55) -> 7816665 | O85: =IF(N85=0,"",M85/N85-1) -> -0.18869134 | P85: ='주별 매출'!M55 -> 0 | Q85: =IF(P85=0,"",K85/P85-1) | R85: =IF($M$8=0,"",M85/$M$8) -> 0.00031769035 | S85: =IF(AND(M85=0,N85=0),"-",IF(N85=0,"● 신규 발생",IF(M85=0,"■ 매출 중단",IF(O85>=0.05,"▲ 상승",IF(O85<=-0.05,"▼ 하락","― 보합"))))) -> ▼ 하락 | T85: =IF(AND(F85=0,G85=0),"-",IF(F85=0,"● 신규 발생",IF(G85=0,"■ 매출 중단",IF(H85>=0.05,"▲ 상승",IF(H85<=-0.05,"▼ 하락","― 보합"))))) -> ▼ 하락
A86: 78 | B86: 기존 | C86: S98106 | D86: 냉면입니다(대) | E86: ='주별 매출'!D104 -> 7 | F86: =AVERAGE('월별 매출'!D104:F104) -> 6290173.3 | G86: =AVERAGE('월별 매출'!J104:L104) -> 9138550 | H86: =IF(F86=0,"",G86/F86-1) -> 0.4528296 | I86: ='월별 매출'!L104 -> 6103160 | J86: ='월별 매출'!U104 -> -0.36796081 | K86: ='주별 매출'!BM104 -> 1772410 | L86: =IF('주별 매출'!BL104=0,"",K86/'주별 매출'!BL104-1) -> 2.7037091 | M86: =SUM('주별 매출'!BJ104:BM104) -> 4869680 | N86: =SUM('주별 매출'!BF104:BI104) -> 5996500 | O86: =IF(N86=0,"",M86/N86-1) -> -0.18791295 | P86: ='주별 매출'!M104 -> 1264850 | Q86: =IF(P86=0,"",K86/P86-1) -> 0.40128078 | R86: =IF($M$8=0,"",M86/$M$8) -> 0.00024394776 | S86: =IF(AND(M86=0,N86=0),"-",IF(N86=0,"● 신규 발생",IF(M86=0,"■ 매출 중단",IF(O86>=0.05,"▲ 상승",IF(O86<=-0.05,"▼ 하락","― 보합"))))) -> ▼ 하락 | T86: =IF(AND(F86=0,G86=0),"-",IF(F86=0,"● 신규 발생",IF(G86=0,"■ 매출 중단",IF(H86>=0.05,"▲ 상승",IF(H86<=-0.05,"▼ 하락","― 보합"))))) -> ▲ 상승
A87: 79 | B87: 기존 | C87: S239678 | D87: 육선회관 대코드 | E87: ='주별 매출'!D58 -> 1 | F87: =AVERAGE('월별 매출'!D58:F58) -> 12429650 | G87: =AVERAGE('월별 매출'!J58:L58) -> 6808554.7 | H87: =IF(F87=0,"",G87/F87-1) -> -0.45223279 | I87: ='월별 매출'!L58 -> 6400713 | J87: ='월별 매출'!U58 -> -0.16653313 | K87: ='주별 매출'!BM58 -> 140000 | L87: =IF('주별 매출'!BL58=0,"",K87/'주별 매출'!BL58-1) -> -0.86774986 | M87: =SUM('주별 매출'!BJ58:BM58) -> 4165290 | N87: =SUM('주별 매출'!BF58:BI58) -> 6784503 | O87: =IF(N87=0,"",M87/N87-1) -> -0.3860582 | P87: ='주별 매출'!M58 -> 0 | Q87: =IF(P87=0,"",K87/P87-1) | R87: =IF($M$8=0,"",M87/$M$8) -> 0.00020866118 | S87: =IF(AND(M87=0,N87=0),"-",IF(N87=0,"● 신규 발생",IF(M87=0,"■ 매출 중단",IF(O87>=0.05,"▲ 상승",IF(O87<=-0.05,"▼ 하락","― 보합"))))) -> ▼ 하락 | T87: =IF(AND(F87=0,G87=0),"-",IF(F87=0,"● 신규 발생",IF(G87=0,"■ 매출 중단",IF(H87>=0.05,"▲ 상승",IF(H87<=-0.05,"▼ 하락","― 보합"))))) -> ▼ 하락
A88: 80 | B88: 신규 | C88: S244336 | D88: 순치킨 (대) | E88: ='주별 매출'!D9 -> 3 | F88: =AVERAGE('월별 매출'!D9:F9) -> 32090675 | G88: =AVERAGE('월별 매출'!J9:L9) -> 12630027 | H88: =IF(F88=0,"",G88/F88-1) -> -0.6064269 | I88: ='월별 매출'!L9 -> 4770075 | J88: ='월별 매출'!U9 -> -0.61536523 | K88: ='주별 매출'!BM9 -> 586398 | L88: =IF('주별 매출'!BL9=0,"",K88/'주별 매출'!BL9-1) -> -0.18999088 | M88: =SUM('주별 매출'!BJ9:BM9) -> 3087858 | N88: =SUM('주별 매출'!BF9:BI9) -> 7800345 | O88: =IF(N88=0,"",M88/N88-1) -> -0.60413828 | P88: ='주별 매출'!M9 -> 0 | Q88: =IF(P88=0,"",K88/P88-1) | R88: =IF($M$8=0,"",M88/$M$8) -> 0.00015468697 | S88: =IF(AND(M88=0,N88=0),"-",IF(N88=0,"● 신규 발생",IF(M88=0,"■ 매출 중단",IF(O88>=0.05,"▲ 상승",IF(O88<=-0.05,"▼ 하락","― 보합"))))) -> ▼ 하락 | T88: =IF(AND(F88=0,G88=0),"-",IF(F88=0,"● 신규 발생",IF(G88=0,"■ 매출 중단",IF(H88>=0.05,"▲ 상승",IF(H88<=-0.05,"▼ 하락","― 보합"))))) -> ▼ 하락
A89: 81 | B89: 기존 | C89: S193761 / S252670 | D89: 무마진덮밥 대코드 | E89: ='주별 매출'!D52 -> 4 | F89: =AVERAGE('월별 매출'!D52:F52) -> 10785163 | G89: =AVERAGE('월별 매출'!J52:L52) -> 4081373.7 | H89: =IF(F89=0,"",G89/F89-1) -> -0.62157516 | I89: ='월별 매출'!L52 -> 2931829 | J89: ='월별 매출'!U52 -> -0.29978949 | K89: ='주별 매출'!BM52 -> 723772 | L89: =IF('주별 매출'!BL52=0,"",K89/'주별 매출'!BL52-1) -> 0.81960157 | M89: =SUM('주별 매출'!BJ52:BM52) -> 2496399 | N89: =SUM('주별 매출'!BF52:BI52) -> 3278680 | O89: =IF(N89=0,"",M89/N89-1) -> -0.23859633 | P89: ='주별 매출'!M52 -> 4510506 | Q89: =IF(P89=0,"",K89/P89-1) -> -0.83953641 | R89: =IF($M$8=0,"",M89/$M$8) -> 0.00012505769 | S89: =IF(AND(M89=0,N89=0),"-",IF(N89=0,"● 신규 발생",IF(M89=0,"■ 매출 중단",IF(O89>=0.05,"▲ 상승",IF(O89<=-0.05,"▼ 하락","― 보합"))))) -> ▼ 하락 | T89: =IF(AND(F89=0,G89=0),"-",IF(F89=0,"● 신규 발생",IF(G89=0,"■ 매출 중단",IF(H89>=0.05,"▲ 상승",IF(H89<=-0.05,"▼ 하락","― 보합"))))) -> ▼ 하락 | U89: 본점코드 변경으로 원본에 2행으로 나뉘어 있어 합산
A90: 82 | B90: 기존 | C90: S89328 | D90: 현주식당(대) | E90: ='주별 매출'!D87 -> 2 | F90: =AVERAGE('월별 매출'!D87:F87) -> 2716949.7 | G90: =AVERAGE('월별 매출'!J87:L87) -> 2712271 | H90: =IF(F90=0,"",G90/F90-1) -> -0.0017220292 | I90: ='월별 매출'!L87 -> 2736968 | J90: ='월별 매출'!U87 -> 0.1271931 | K90: ='주별 매출'!BM87 -> 751382 | L90: =IF('주별 매출'!BL87=0,"",K90/'주별 매출'!BL87-1) -> -0.10311125 | M90: =SUM('주별 매출'!BJ87:BM87) -> 2489494 | N90: =SUM('주별 매출'!BF87:BI87) -> 2948153 | O90: =IF(N90=0,"",M90/N90-1) -> -0.15557503 | P90: ='주별 매출'!M87 -> 1106136 | Q90: =IF(P90=0,"",K90/P90-1) -> -0.32071463 | R90: =IF($M$8=0,"",M90/$M$8) -> 0.00012471179 | S90: =IF(AND(M90=0,N90=0),"-",IF(N90=0,"● 신규 발생",IF(M90=0,"■ 매출 중단",IF(O90>=0.05,"▲ 상승",IF(O90<=-0.05,"▼ 하락","― 보합"))))) -> ▼ 하락 | T90: =IF(AND(F90=0,G90=0),"-",IF(F90=0,"● 신규 발생",IF(G90=0,"■ 매출 중단",IF(H90>=0.05,"▲ 상승",IF(H90<=-0.05,"▼ 하락","― 보합"))))) -> ― 보합
A91: 83 | B91: 기존 | C91: S234479 | D91: 백연게장 대코드 | E91: ='주별 매출'!D59 -> 4 | F91: =AVERAGE('월별 매출'!D59:F59) -> 19258593 | G91: =AVERAGE('월별 매출'!J59:L59) -> 4436362.3 | H91: =IF(F91=0,"",G91/F91-1) -> -0.76964244 | I91: ='월별 매출'!L59 -> 4859088 | J91: ='월별 매출'!U59 -> 0.78463952 | K91: ='주별 매출'!BM59 -> 984546 | L91: =IF('주별 매출'!BL59=0,"",K91/'주별 매출'!BL59-1) -> 7.330761 | M91: =SUM('주별 매출'!BJ59:BM59) -> 2407272 | N91: =SUM('주별 매출'!BF59:BI59) -> 4859088 | O91: =IF(N91=0,"",M91/N91-1) -> -0.50458358 | P91: ='주별 매출'!M59 -> 4979589 | Q91: =IF(P91=0,"",K91/P91-1) -> -0.80228368 | R91: =IF($M$8=0,"",M91/$M$8) -> 0.00012059285 | S91: =IF(AND(M91=0,N91=0),"-",IF(N91=0,"● 신규 발생",IF(M91=0,"■ 매출 중단",IF(O91>=0.05,"▲ 상승",IF(O91<=-0.05,"▼ 하락","― 보합"))))) -> ▼ 하락 | T91: =IF(AND(F91=0,G91=0),"-",IF(F91=0,"● 신규 발생",IF(G91=0,"■ 매출 중단",IF(H91>=0.05,"▲ 상승",IF(H91<=-0.05,"▼ 하락","― 보합"))))) -> ▼ 하락
A92: 84 | B92: 기존 | C92: S100186 | D92: 찰스의식탁(대)_신 | E92: ='주별 매출'!D108 -> 1 | F92: =AVERAGE('월별 매출'!D108:F108) -> 3703363.3 | G92: =AVERAGE('월별 매출'!J108:L108) -> 3120847.7 | H92: =IF(F92=0,"",G92/F92-1) -> -0.15729369 | I92: ='월별 매출'!L108 -> 2043536 | J92: ='월별 매출'!U108 -> -0.5077768 | K92: ='주별 매출'!BM108 -> 651869 | L92: =IF('주별 매출'!BL108=0,"",K92/'주별 매출'!BL108-1) -> 0.42708682 | M92: =SUM('주별 매출'!BJ108:BM108) -> 2206316 | N92: =SUM('주별 매출'!BF108:BI108) -> 2652027 | O92: =IF(N92=0,"",M92/N92-1) -> -0.16806428 | P92: ='주별 매출'!M108 -> 0 | Q92: =IF(P92=0,"",K92/P92-1) | R92: =IF($M$8=0,"",M92/$M$8) -> 0.00011052592 | S92: =IF(AND(M92=0,N92=0),"-",IF(N92=0,"● 신규 발생",IF(M92=0,"■ 매출 중단",IF(O92>=0.05,"▲ 상승",IF(O92<=-0.05,"▼ 하락","― 보합"))))) -> ▼ 하락 | T92: =IF(AND(F92=0,G92=0),"-",IF(F92=0,"● 신규 발생",IF(G92=0,"■ 매출 중단",IF(H92>=0.05,"▲ 상승",IF(H92<=-0.05,"▼ 하락","― 보합"))))) -> ▼ 하락
A93: 85 | B93: 기존 | C93: S11380 | D93: 우용에프앤비 대 | E93: ='주별 매출'!D109 -> 1 | F93: =AVERAGE('월별 매출'!D109:F109) -> 1417326.7 | G93: =AVERAGE('월별 매출'!J109:L109) -> 1251393.3 | H93: =IF(F93=0,"",G93/F93-1) -> -0.11707487 | I93: ='월별 매출'!L109 -> 1241040 | J93: ='월별 매출'!U109 -> 0.076581422 | K93: ='주별 매출'!BM109 -> 417120 | L93: =IF('주별 매출'!BL109=0,"",K93/'주별 매출'!BL109-1) | M93: =SUM('주별 매출'!BJ109:BM109) -> 1336730 | N93: =SUM('주별 매출'!BF109:BI109) -> 1043860 | O93: =IF(N93=0,"",M93/N93-1) -> 0.28056444 | P93: ='주별 매출'!M109 -> 0 | Q93: =IF(P93=0,"",K93/P93-1) | R93: =IF($M$8=0,"",M93/$M$8) -> 6.6963803e-05 | S93: =IF(AND(M93=0,N93=0),"-",IF(N93=0,"● 신규 발생",IF(M93=0,"■ 매출 중단",IF(O93>=0.05,"▲ 상승",IF(O93<=-0.05,"▼ 하락","― 보합"))))) -> ▲ 상승 | T93: =IF(AND(F93=0,G93=0),"-",IF(F93=0,"● 신규 발생",IF(G93=0,"■ 매출 중단",IF(H93>=0.05,"▲ 상승",IF(H93<=-0.05,"▼ 하락","― 보합"))))) -> ▼ 하락
A94: 86 | B94: 기존 | C94: S81521 | D94: 심슨더스파이스 (대) | E94: ='주별 매출'!D111 -> 1 | F94: =AVERAGE('월별 매출'!D111:F111) -> 1243476.7 | G94: =AVERAGE('월별 매출'!J111:L111) -> 1204906.7 | H94: =IF(F94=0,"",G94/F94-1) -> -0.031017872 | I94: ='월별 매출'!L111 -> 1004700 | J94: ='월별 매출'!U111 -> -0.29225047 | K94: ='주별 매출'!BM111 -> 336050 | L94: =IF('주별 매출'!BL111=0,"",K94/'주별 매출'!BL111-1) -> 0.23693316 | M94: =SUM('주별 매출'!BJ111:BM111) -> 1256880 | N94: =SUM('주별 매출'!BF111:BI111) -> 896290 | O94: =IF(N94=0,"",M94/N94-1) -> 0.40231398 | P94: ='주별 매출'!M111 -> 0 | Q94: =IF(P94=0,"",K94/P94-1) | R94: =IF($M$8=0,"",M94/$M$8) -> 6.2963698e-05 | S94: =IF(AND(M94=0,N94=0),"-",IF(N94=0,"● 신규 발생",IF(M94=0,"■ 매출 중단",IF(O94>=0.05,"▲ 상승",IF(O94<=-0.05,"▼ 하락","― 보합"))))) -> ▲ 상승 | T94: =IF(AND(F94=0,G94=0),"-",IF(F94=0,"● 신규 발생",IF(G94=0,"■ 매출 중단",IF(H94>=0.05,"▲ 상승",IF(H94<=-0.05,"▼ 하락","― 보합"))))) -> ― 보합
A95: 87 | B95: 신규 | C95: S249164 | D95: 춘타운(대) | E95: ='주별 매출'!D18 -> 1 | F95: =AVERAGE('월별 매출'!D18:F18) -> 0 | G95: =AVERAGE('월별 매출'!J18:L18) -> 1209865.7 | H95: =IF(F95=0,"",G95/F95-1) | I95: ='월별 매출'!L18 -> 409216 | J95: ='월별 매출'!U18 -> -0.7359234 | K95: ='주별 매출'!BM18 -> 146372 | L95: =IF('주별 매출'!BL18=0,"",K95/'주별 매출'!BL18-1) -> -0.44312216 | M95: =SUM('주별 매출'!BJ18:BM18) -> 672060 | N95: =SUM('주별 매출'!BF18:BI18) -> 754461 | O95: =IF(N95=0,"",M95/N95-1) -> -0.10921837 | P95: ='주별 매출'!M18 -> 0 | Q95: =IF(P95=0,"",K95/P95-1) | R95: =IF($M$8=0,"",M95/$M$8) -> 3.3667003e-05 | S95: =IF(AND(M95=0,N95=0),"-",IF(N95=0,"● 신규 발생",IF(M95=0,"■ 매출 중단",IF(O95>=0.05,"▲ 상승",IF(O95<=-0.05,"▼ 하락","― 보합"))))) -> ▼ 하락 | T95: =IF(AND(F95=0,G95=0),"-",IF(F95=0,"● 신규 발생",IF(G95=0,"■ 매출 중단",IF(H95>=0.05,"▲ 상승",IF(H95<=-0.05,"▼ 하락","― 보합"))))) -> ● 신규 발생
A96: 88 | B96: 기존 | C96: S89677 | D96: 고홈푸드 (대) | E96: ='주별 매출'!D115 -> 1 | F96: =AVERAGE('월별 매출'!D115:F115) -> 1308276.7 | G96: =AVERAGE('월별 매출'!J115:L115) -> 1129253.3 | H96: =IF(F96=0,"",G96/F96-1) -> -0.13683905 | I96: ='월별 매출'!L115 -> 1216000 | J96: ='월별 매출'!U115 -> 0.28 | K96: ='주별 매출'!BM115 -> 190000 | L96: =IF('주별 매출'!BL115=0,"",K96/'주별 매출'!BL115-1) -> -0.0223823 | M96: =SUM('주별 매출'!BJ115:BM115) -> 574350 | N96: =SUM('주별 매출'!BF115:BI115) -> 1216000 | O96: =IF(N96=0,"",M96/N96-1) -> -0.5276727 | P96: ='주별 매출'!M115 -> 0 | Q96: =IF(P96=0,"",K96/P96-1) | R96: =IF($M$8=0,"",M96/$M$8) -> 2.8772198e-05 | S96: =IF(AND(M96=0,N96=0),"-",IF(N96=0,"● 신규 발생",IF(M96=0,"■ 매출 중단",IF(O96>=0.05,"▲ 상승",IF(O96<=-0.05,"▼ 하락","― 보합"))))) -> ▼ 하락 | T96: =IF(AND(F96=0,G96=0),"-",IF(F96=0,"● 신규 발생",IF(G96=0,"■ 매출 중단",IF(H96>=0.05,"▲ 상승",IF(H96<=-0.05,"▼ 하락","― 보합"))))) -> ▼ 하락
A97: 89 | B97: 기존 | C97: S82944 | D97: 국사랑 대 | E97: ='주별 매출'!D113 -> 0 | F97: =AVERAGE('월별 매출'!D113:F113) -> 2875696.7 | G97: =AVERAGE('월별 매출'!J113:L113) -> 983356.67 | H97: =IF(F97=0,"",G97/F97-1) -> -0.65804576 | I97: ='월별 매출'!L113 -> 937760 | J97: ='월별 매출'!U113 -> 0.074537934 | K97: ='주별 매출'!BM113 -> 0 | L97: =IF('주별 매출'!BL113=0,"",K97/'주별 매출'!BL113-1) -> -1 | M97: =SUM('주별 매출'!BJ113:BM113) -> 494780 | N97: =SUM('주별 매출'!BF113:BI113) -> 1133010 | O97: =IF(N97=0,"",M97/N97-1) -> -0.56330483 | P97: ='주별 매출'!M113 -> 0 | Q97: =IF(P97=0,"",K97/P97-1) | R97: =IF($M$8=0,"",M97/$M$8) -> 2.478612e-05 | S97: =IF(AND(M97=0,N97=0),"-",IF(N97=0,"● 신규 발생",IF(M97=0,"■ 매출 중단",IF(O97>=0.05,"▲ 상승",IF(O97<=-0.05,"▼ 하락","― 보합"))))) -> ▼ 하락 | T97: =IF(AND(F97=0,G97=0),"-",IF(F97=0,"● 신규 발생",IF(G97=0,"■ 매출 중단",IF(H97>=0.05,"▲ 상승",IF(H97<=-0.05,"▼ 하락","― 보합"))))) -> ▼ 하락
A98: 90 | B98: 기존 | C98: S93190 | D98: 1986숯불구이 (대) | E98: ='주별 매출'!D92 -> 1 | F98: =AVERAGE('월별 매출'!D92:F92) -> 669147.33 | G98: =AVERAGE('월별 매출'!J92:L92) -> 620633.33 | H98: =IF(F98=0,"",G98/F98-1) -> -0.072501223 | I98: ='월별 매출'!L92 -> 628622 | J98: ='월별 매출'!U92 -> -0.090636604 | K98: ='주별 매출'!BM92 -> 98636 | L98: =IF('주별 매출'!BL92=0,"",K98/'주별 매출'!BL92-1) | M98: =SUM('주별 매출'!BJ92:BM92) -> 317420 | N98: =SUM('주별 매출'!BF92:BI92) -> 409838 | O98: =IF(N98=0,"",M98/N98-1) -> -0.22549886 | P98: ='주별 매출'!M92 -> 914490 | Q98: =IF(P98=0,"",K98/P98-1) -> -0.89214097 | R98: =IF($M$8=0,"",M98/$M$8) -> 1.5901229e-05 | S98: =IF(AND(M98=0,N98=0),"-",IF(N98=0,"● 신규 발생",IF(M98=0,"■ 매출 중단",IF(O98>=0.05,"▲ 상승",IF(O98<=-0.05,"▼ 하락","― 보합"))))) -> ▼ 하락 | T98: =IF(AND(F98=0,G98=0),"-",IF(F98=0,"● 신규 발생",IF(G98=0,"■ 매출 중단",IF(H98>=0.05,"▲ 상승",IF(H98<=-0.05,"▼ 하락","― 보합"))))) -> ▼ 하락
A99: 91 | B99: 기존 | C99: S91698 | D99: FR_위밋에프앤비(본사) | E99: ='주별 매출'!D118 -> 0 | F99: =AVERAGE('월별 매출'!D118:F118) -> 162476.67 | G99: =AVERAGE('월별 매출'!J118:L118) -> 176183.33 | H99: =IF(F99=0,"",G99/F99-1) -> 0.084360831 | I99: ='월별 매출'!L118 -> 249400 | J99: ='월별 매출'!U118 | K99: ='주별 매출'!BM118 -> 0 | L99: =IF('주별 매출'!BL118=0,"",K99/'주별 매출'!BL118-1) | M99: =SUM('주별 매출'!BJ118:BM118) -> 249400 | N99: =SUM('주별 매출'!BF118:BI118) -> 0 | O99: =IF(N99=0,"",M99/N99-1) | P99: ='주별 매출'!M118 -> 0 | Q99: =IF(P99=0,"",K99/P99-1) | R99: =IF($M$8=0,"",M99/$M$8) -> 1.2493751e-05 | S99: =IF(AND(M99=0,N99=0),"-",IF(N99=0,"● 신규 발생",IF(M99=0,"■ 매출 중단",IF(O99>=0.05,"▲ 상승",IF(O99<=-0.05,"▼ 하락","― 보합"))))) -> ● 신규 발생 | T99: =IF(AND(F99=0,G99=0),"-",IF(F99=0,"● 신규 발생",IF(G99=0,"■ 매출 중단",IF(H99>=0.05,"▲ 상승",IF(H99<=-0.05,"▼ 하락","― 보합"))))) -> ▲ 상승
A100: 92 | B100: 기존 | C100: S84927 | D100: 스마트푸드네트웍스_FC | E100: ='주별 매출'!D125 -> 1 | F100: =AVERAGE('월별 매출'!D125:F125) -> 0 | G100: =AVERAGE('월별 매출'!J125:L125) -> 0 | H100: =IF(F100=0,"",G100/F100-1) | I100: ='월별 매출'!L125 -> 0 | J100: ='월별 매출'!U125 | K100: ='주별 매출'!BM125 -> 144780 | L100: =IF('주별 매출'!BL125=0,"",K100/'주별 매출'!BL125-1) -> 2.0935897 | M100: =SUM('주별 매출'!BJ125:BM125) -> 161105 | N100: =SUM('주별 매출'!BF125:BI125) -> -540717 | O100: =IF(N100=0,"",M100/N100-1) -> -1.297947 | P100: ='주별 매출'!M125 -> 360691 | Q100: =IF(P100=0,"",K100/P100-1) -> -0.59860379 | R100: =IF($M$8=0,"",M100/$M$8) -> 8.0705927e-06 | S100: =IF(AND(M100=0,N100=0),"-",IF(N100=0,"● 신규 발생",IF(M100=0,"■ 매출 중단",IF(O100>=0.05,"▲ 상승",IF(O100<=-0.05,"▼ 하락","― 보합"))))) -> ▼ 하락 | T100: =IF(AND(F100=0,G100=0),"-",IF(F100=0,"● 신규 발생",IF(G100=0,"■ 매출 중단",IF(H100>=0.05,"▲ 상승",IF(H100<=-0.05,"▼ 하락","― 보합"))))) -> -
A101: 93 | B101: 신규 | C101: S245774 | D101: 찐심맥주 대 | E101: ='주별 매출'!D10 -> 0 | F101: =AVERAGE('월별 매출'!D10:F10) -> 846726.67 | G101: =AVERAGE('월별 매출'!J10:L10) -> 0 | H101: =IF(F101=0,"",G101/F101-1) -> -1 | I101: ='월별 매출'!L10 -> 0 | J101: ='월별 매출'!U10 | K101: ='주별 매출'!BM10 -> 0 | L101: =IF('주별 매출'!BL10=0,"",K101/'주별 매출'!BL10-1) | M101: =SUM('주별 매출'!BJ10:BM10) -> 0 | N101: =SUM('주별 매출'!BF10:BI10) -> 0 | O101: =IF(N101=0,"",M101/N101-1) | P101: ='주별 매출'!M10 -> 0 | Q101: =IF(P101=0,"",K101/P101-1) | R101: =IF($M$8=0,"",M101/$M$8) -> 0 | S101: =IF(AND(M101=0,N101=0),"-",IF(N101=0,"● 신규 발생",IF(M101=0,"■ 매출 중단",IF(O101>=0.05,"▲ 상승",IF(O101<=-0.05,"▼ 하락","― 보합"))))) -> - | T101: =IF(AND(F101=0,G101=0),"-",IF(F101=0,"● 신규 발생",IF(G101=0,"■ 매출 중단",IF(H101>=0.05,"▲ 상승",IF(H101<=-0.05,"▼ 하락","― 보합"))))) -> ■ 매출 중단
...

Sheet 주별 매출
A1: 걸개처별 주간 매출 (원) — 출처: Weekly Brand Tracking 시트 [주 매출]
A3: 구분 | B3: 본점코드 | C3: 본점명 | D3: 매장수 (최근주) | E3: '25 8월 3주차 | F3: '25 8월 4주차 | G3: '25 9월 1주차 | H3: '25 9월 2주차 | I3: '25 9월 3주차 | J3: '25 9월 4주차 | K3: '25 10월 1주차 | L3: '25 10월 2주차 | M3: '25 10월 3주차 | N3: '25 10월 4주차 | O3: '25 10월 5주차 | P3: '25 11월 1주차 | Q3: '25 11월 2주차 | R3: '25 11월 3주차 | S3: '25 11월 4주차 | T3: '25 12월 1주차 | U3: '25 12월 2주차 | V3: '25 12월 3주차 | W3: '25 12월 4주차 | X3: '25 1월 1주차 | Y3: '26 1월 2주차 | Z3: '26 1월 3주차 | AA3: '26 1월 4주차 | AB3: '26 1월 5주차 | AC3: '26 2월 1주차 | AD3: '26 2월 2주차 | AE3: '26 2월 3주차 | AF3: '26 2월 4주차 | AG3: '26 3월 1주차 | AH3: '26 3월 2주차 | AI3: '26 3월 3주차 | AJ3: '26 3월 4주차 | AK3: '26 3월 5주차 | AL3: '26 4월 2주차 | AM3: '26 4월 3주차 | AN3: '26 4월 4주차 | AO3: '26 4월 5주차 | AP3: '26 5월 1주차 | AQ3: '26 5월 2주차 | AR3: '26 5월 3주차 | AS3: '26 5월 4주차 | AT3: '26 6월 1주차 | AU3: '26 6월 2주차 | AV3: '26 6월 3주차 | AW3: '26 6월 4주차 | AX3: '26 7월 1주차 | AY3: '26 7월 2주차 | AZ3: '26 7월 3주차 | BA3: '26 7월 4주차 | BB3: '26 7월 5주차 | BC3: '26 8월 1주차 | BD3: '26 8월 2주차 | BE3: '26 8월 3주차 | BF3: '26 8월 4주차 | BG3: '26 9월 1주차 | BH3: '26 9월 2주차 | BI3: '26 9월 3주차 | BJ3: '26 9월 4주차 | BK3: '26 10월 1주차 | BL3: '26 10월 2주차 | BM3: '26 10월 3주차
E4: 08/18~08/24 | F4: 08/25~08/31 | G4: 09/01~09/07 | H4: 09/08~09/14 | I4: 09/15~09/21 | J4: 09/22~09/28 | K4: 09/29~10/05 | L4: 10/06~10/12 | M4: 10/13~10/19 | N4: 10/20~10/26 | O4: 10/27~11/02 | P4: 11/03~11/09 | Q4: 11/10~11/16 | R4: 11/17~11/23 | S4: 11/24~11/30 | T4: 12/01~12/07 | U4: 12/08~12/14 | V4: 12/15~12/21 | W4: 12/22~12/28 | X4: 12/29~01/04 | Y4: 01/05~01/11 | Z4: 01/12~01/18 | AA4: 01/19~01/25 | AB4: 01/26~02/01 | AC4: 02/02~02/08 | AD4: 02/09~02/15 | AE4: 02/16~02/22 | AF4: 02/23~03/01 | AG4: 03/02~03/08 | AH4: 03/09~03/15 | AI4: 03/16~03/22 | AJ4: 03/23~03/29 | AK4: 03/30~04/05 | AL4: 04/06~04/12 | AM4: 04/13~04/19 | AN4: 04/20~04/26 | AO4: 04/27~05/03 | AP4: 05/04~05/10 | AQ4: 05/11~05/17 | AR4: 05/18~05/24 | AS4: 05/25~05/31 | AT4: 06/01~06/07 | AU4: 06/08~06/14 | AV4: 06/15~06/21 | AW4: 06/22~06/28 | AX4: 06/29~07/05 | AY4: 07/06~07/12 | AZ4: 07/13~07/19 | BA4: 07/20~07/26 | BB4: 07/27~08/02 | BC4: 08/03~08/09 | BD4: 08/10~08/16 | BE4: 08/17~08/23 | BF4: 08/24~08/30 | BG4: 08/31~09/06 | BH4: 09/07~09/13 | BI4: 09/14~09/20 | BJ4: 09/21~09/27 | BK4: 09/28~10/04 | BL4: 10/05~10/11 | BM4: 10/12~10/18
A5: 합계 | D5: =SUM(D6:D125) -> 3976 | E5: =SUM(E6:E125) -> 4135515239 | F5: =SUM(F6:F125) -> 4111175183 | G5: =SUM(G6:G125) -> 4616874818 | H5: =SUM(H6:H125) -> 4473570554 | I5: =SUM(I6:I125) -> 4407015120 | J5: =SUM(J6:J125) -> 4604880979 | K5: =SUM(K6:K125) -> 6937220576 | ... BM5: =SUM(BM6:BM125) -> 5010739067
A6: 신규 | B6: S240084 | C6: 찌개찝 대 | D6: 6 | E6: 0 | F6: 0 | G6: 0 | H6: 0 | I6: 0 | J6: 0 | K6: 0 | L6: 0 | M6: 0 | N6: 0 | O6: 0 | P6: 0 | Q6: 0 | R6: 0 | S6: 0 | T6: 0 | U6: 0 | V6: 0 | W6: 3877782 | X6: 6575320 | Y6: 4694590 | Z6: 7638080 | AA6: 7099840 | AB6: 5662332 | AC6: 7672610 | AD6: 9202580 | AE6: 5782940 | AF6: 5163450 | AG6: 7649990 | AH6: 6651890 | AI6: 6078630 | AJ6: 5798240 | AK6: 7192310 | AL6: 5452920 | AM6: 6255260 | AN6: 7040030 | AO6: 6884060 | AP6: 6524820 | AQ6: 6061820 | AR6: 5130270 | AS6: 6383840 | AT6: 5882860 | AU6: 6211770 | AV6: 5627190 | AW6: 5578490 | AX6: 6687460 | AY6: 4233150 | AZ6: 4161710 | BA6: 5693940 | BB6: 5148010 | BC6: 3665730 | BD6: 4441700 | BE6: 4202170 | BF6: 3877490 | BG6: 4173690 | BH6: 3860720 | BI6: 4615570 | BJ6: 5764530 | BK6: 2504930 | BL6: 2620230 | BM6: 4361210
A7: 신규 | B7: S243775 | C7: 비어프랜드 대 | D7: 21 | E7: 0 | F7: 0 | G7: 0 | H7: 0 | I7: 0 | J7: 0 | K7: 0 | L7: 0 | M7: 0 | N7: 0 | O7: 0 | P7: 0 | Q7: 0 | R7: 0 | S7: 0 | T7: 0 | U7: 0 | V7: 0 | W7: 0 | X7: 0 | Y7: 0 | Z7: 92690 | AA7: -92690 | AB7: 0 | AC7: 4911870 | AD7: 11775330 | AE7: 6137320 | AF7: 8413800 | AG7: 6120950 | AH7: 6845580 | AI7: 6475450 | AJ7: 7127930 | AK7: 5923690 | AL7: 7351670 | AM7: 7548150 | AN7: 7374740 | AO7: 7146430 | AP7: 8495780 | AQ7: 8664110 | AR7: 7707000 | AS7: 7446310 | AT7: 7052330 | AU7: 6572990 | AV7: 9393310 | AW7: 6746520 | AX7: 8435400 | AY7: 8117630 | AZ7: 7668190 | BA7: 6334320 | BB7: 5707870 | BC7: 7105610 | BD7: 5873750 | BE7: 6196170 | BF7: 5325030 | BG7: 4337740 | BH7: 5084450 | BI7: 6686140 | BJ7: 6657310 | BK7: 3855710 | BL7: 4478240 | BM7: 5586320
A8: 신규 | B8: S242492 | C8: 카페차이(대) | D8: 12 | E8: 0 | F8: 0 | G8: 0 | H8: 0 | I8: 0 | J8: 0 | K8: 0 | L8: 0 | M8: 0 | N8: 0 | O8: 0 | P8: 0 | Q8: 0 | R8: 0 | S8: 0 | T8: 0 | U8: 0 | V8: 0 | W8: 0 | X8: 0 | Y8: 0 | Z8: 0 | AA8: 0 | AB8: 1160912 | AC8: 2894171 | AD8: 4343275 | AE8: 1789417 | AF8: 4010993 | AG8: 2177923 | AH8: 2117185 | AI8: 3478550 | AJ8: 2460799 | AK8: 3463835 | AL8: 3950752 | AM8: 3930572 | AN8: 4402031 | AO8: 4612786 | AP8: 3041925 | AQ8: 2801449 | AR8: 3099416 | AS8: 2538538 | AT8: 3074723 | AU8: 2297039 | AV8: 2091267 | AW8: 2303806 | AX8: 2510779 | AY8: 2102795 | AZ8: 2189229 | BA8: 2268538 | BB8: 1251561 | BC8: 3118620 | BD8: 2221558 | BE8: 1723132 | BF8: 2496290 | BG8: 2584789 | BH8: 2090761 | BI8: 3061534 | BJ8: 1913323 | BK8: 2558509 | BL8: 1938768 | BM8: 2099112
A9: 신규 | B9: S244336 | C9: 순치킨 (대) | D9: 3 | E9: 0 | F9: 0 | G9: 0 | H9: 0 | I9: 0 | J9: 0 | K9: 0 | L9: 0 | M9: 0 | N9: 0 | O9: 0 | P9: 0 | Q9: 0 | R9: 0 | S9: 0 | T9: 0 | U9: 0 | V9: 0 | W9: 0 | X9: 0 | Y9: 0 | Z9: 0 | AA9: 0 | AB9: 0 | AC9: 11919504 | AD9: 19129733 | AE9: 6198470 | AF9: 13236858 | AG9: 10248825 | AH9: 11393199 | AI9: 10305749 | AJ9: 10553009 | AK9: 7741784 | AL9: 10171104 | AM9: 8821514 | AN9: 9595800 | AO9: 6797219 | AP9: 10409833 | AQ9: 6556885 | AR9: 8480265 | AS9: 6420200 | AT9: 7202520 | AU9: 4583750 | AV9: 4942580 | AW9: 4223745 | AX9: 3983320 | AY9: 3588190 | AZ9: 3888635 | BA9: 4333300 | BB9: 4586990 | BC9: 1924090 | BD9: 2706675 | BE9: 2743415 | BF9: 1322700 | BG9: 4514980 | BH9: 879385 | BI9: 1083280 | BJ9: 474945 | BK9: 1302575 | BL9: 723940 | BM9: 586398
A10: 신규 | B10: S245774 | C10: 찐심맥주 대 | D10: 0 | E10: 0 | F10: 0 | G10: 0 | H10: 0 | I10: 0 | J10: 0 | K10: 0 | L10: 0 | M10: 0 | N10: 0 | O10: 0 | P10: 0 | Q10: 0 | R10: 0 | S10: 0 | T10: 0 | U10: 0 | V10: 0 | W10: 0 | X10: 0 | Y10: 0 | Z10: 0 | AA10: 0 | AB10: 0 | AC10: 0 | AD10: 0 | AE10: 0 | AF10: 500040 | AG10: 487380 | AH10: 202640 | AI10: 539640 | AJ10: 717720 | AK10: 580790 | AL10: 414360 | AM10: 483540 | AN10: 644640 | AO10: 326560 | AP10: 194730 | AQ10: 0 | AR10: 0 | AS10: 0 | AT10: 0 | AU10: 0 | AV10: 0 | AW10: 0 | AX10: 0 | AY10: 0 | AZ10: 0 | BA10: 0 | BB10: 0 | BC10: 0 | BD10: 0 | BE10: 0 | BF10: 0 | BG10: 0 | BH10: 0 | BI10: 0 | BJ10: 0 | BK10: 0 | BL10: 0 | BM10: 0
A11: 신규 | B11: S90525 | C11: 준코 대분류 | D11: 136 | E11: 0 | F11: 0 | G11: 0 | H11: 0 | I11: 0 | J11: 0 | K11: 0 | L11: 0 | M11: 0 | N11: 0 | O11: 0 | P11: 0 | Q11: 0 | R11: 0 | S11: 0 | T11: 0 | U11: 0 | V11: 0 | W11: 0 | X11: 0 | Y11: 0 | Z11: 0 | AA11: 0 | AB11: 0 | AC11: 0 | AD11: 0 | AE11: 0 | AF11: 0 | AG11: 414991385 | AH11: 349912210 | AI11: 368949432 | AJ11: 353920730 | AK11: 373598572 | AL11: 355274613 | AM11: 377911983 | AN11: 357072638 | AO11: 422604677 | AP11: 411832895 | AQ11: 344212700 | AR11: 395269053 | AS11: 382414064 | AT11: 420584300 | AU11: 359432683 | AV11: 361200967 | AW11: 383471483 | AX11: 397907998 | AY11: 391270165 | AZ11: 420374674 | BA11: 380030577 | BB11: 384981842 | BC11: 413415835 | BD11: 434410369 | BE11: 401007557 | BF11: 388463347 | BG11: 413161362 | BH11: 387878468 | BI11: 430073352 | BJ11: 522305203 | BK11: 402709820 | BL11: 435295118 | BM11: 381044155
A12: 신규 | B12: S246240 | C12: 와이엔컴퍼니 대분류 | D12: 10 | E12: 0 | F12: 0 | G12: 0 | H12: 0 | I12: 0 | J12: 0 | K12: 0 | L12: 0 | M12: 0 | N12: 0 | O12: 0 | P12: 0 | Q12: 0 | R12: 0 | S12: 0 | T12: 0 | U12: 0 | V12: 0 | W12: 0 | X12: 0 | Y12: 0 | Z12: 0 | AA12: 0 | AB12: 0 | AC12: 0 | AD12: 0 | AE12: 0 | AF12: 0 | AG12: 4396406 | AH12: 4131795 | AI12: 2689724 | AJ12: 1831202 | AK12: 3260715 | AL12: 3283811 | AM12: 3192662 | AN12: 2499780 | AO12: 2468477 | AP12: 3115002 | AQ12: 1669033 | AR12: 6716779 | AS12: 5078456 | AT12: 2179613 | AU12: 3163195 | AV12: 2737039 | AW12: 1617690 | AX12: 3046366 | AY12: 2020873 | AZ12: 1964294 | BA12: 2985034 | BB12: 1396240 | BC12: 2719173 | BD12: 1869257 | BE12: 2233496 | BF12: 1828837 | BG12: 1813394 | BH12: 1514544 | BI12: 1133394 | BJ12: 1508565 | BK12: 1428738 | BL12: 1010432 | BM12: 2490888
A13: 신규 | B13: S247530 | C13: 포플로어 대분류 | D13: 8 | E13: 0 | F13: 0 | G13: 0 | H13: 0 | I13: 0 | J13: 0 | K13: 0 | L13: 0 | M13: 0 | N13: 0 | O13: 0 | P13: 0 | Q13: 0 | R13: 0 | S13: 0 | T13: 0 | U13: 0 | V13: 0 | W13: 0 | X13: 0 | Y13: 0 | Z13: 0 | AA13: 0 | AB13: 0 | AC13: 0 | AD13: 0 | AE13: 0 | AF13: 0 | AG13: 0 | AH13: 0 | AI13: 486250 | AJ13: 3373164 | AK13: 4411563 | AL13: 4965807 | AM13: 5401551 | AN13: 5967634 | AO13: 7654042 | AP13: 6487045 | AQ13: 6451229 | AR13: 8679208 | AS13: 6424670 | AT13: 8778838 | AU13: 8579744 | AV13: 8603977 | AW13: 7813313 | AX13: 7724807 | AY13: 7655860 | AZ13: 8472170 | BA13: 7594550 | BB13: 8659640 | BC13: 10786670 | BD13: 9156890 | BE13: 7990770 | BF13: 8240630 | BG13: 8934490 | BH13: 8500470 | BI13: 7150610 | BJ13: 7349390 | BK13: 7285540 | BL13: 8239170 | BM13: 6679240
A14: 신규 | B14: S247533 | C14: S-파스타픽(대) | D14: 0 | E14: 0 | F14: 0 | G14: 0 | H14: 0 | I14: 0 | J14: 0 | K14: 0 | L14: 0 | M14: 0 | N14: 0 | O14: 0 | P14: 0 | Q14: 0 | R14: 0 | S14: 0 | T14: 0 | U14: 0 | V14: 0 | W14: 0 | X14: 0 | Y14: 0 | Z14: 0 | AA14: 0 | AB14: 0 | AC14: 0 | AD14: 0 | AE14: 0 | AF14: 0 | AG14: 0 | AH14: 0 | AI14: 141590 | AJ14: 358300 | AK14: 0 | AL14: 319220 | AM14: 0 | AN14: 527260 | AO14: 164880 | AP14: -17750 | AQ14: 0 | AR14: 2064600 | AS14: 0 | AT14: 0 | AU14: 0 | AV14: 0 | AW14: 0 | AX14: 0 | AY14: 0 | AZ14: 0 | BA14: 0 | BB14: 0 | BC14: 0 | BD14: 0 | BE14: 0 | BF14: 0 | BG14: 0 | BH14: 0 | BI14: 0 | BJ14: 0 | BK14: 0 | BL14: 0 | BM14: 0
A15: 신규 | B15: S248258 | C15: 알쭈 대분류 | D15: 18 | E15: 0 | F15: 0 | G15: 0 | H15: 0 | I15: 0 | J15: 0 | K15: 0 | L15: 0 | M15: 0 | N15: 0 | O15: 0 | P15: 0 | Q15: 0 | R15: 0 | S15: 0 | T15: 0 | U15: 0 | V15: 0 | W15: 0 | X15: 0 | Y15: 0 | Z15: 0 | AA15: 0 | AB15: 0 | AC15: 0 | AD15: 0 | AE15: 0 | AF15: 0 | AG15: 0 | AH15: 0 | AI15: 0 | AJ15: 0 | AK15: 4609550 | AL15: 9799560 | AM15: 8698920 | AN15: 7779520 | AO15: 11063200 | AP15: 6126940 | AQ15: 9059410 | AR15: 7936060 | AS15: 9588980 | AT15: 8225680 | AU15: 7959300 | AV15: 10121890 | AW15: 8747130 | AX15: 10157290 | AY15: 9068230 | AZ15: 6648580 | BA15: 9765960 | BB15: 8204410 | BC15: 8519430 | BD15: 9921330 | BE15: 7446210 | BF15: 8396660 | BG15: 11119080 | BH15: 9160250 | BI15: 10681340 | BJ15: 7872130 | BK15: 8787460 | BL15: 11278350 | BM15: 11481230
A16: 신규 | B16: S249566 | C16: 더라프 대코드 | D16: 28 | E16: 0 | F16: 0 | G16: 0 | H16: 0 | I16: 0 | J16: 0 | K16: 0 | L16: 0 | M16: 0 | N16: 0 | O16: 0 | P16: 0 | Q16: 0 | R16: 0 | S16: 0 | T16: 0 | U16: 0 | V16: 0 | W16: 0 | X16: 0 | Y16: 0 | Z16: 0 | AA16: 0 | AB16: 0 | AC16: 0 | AD16: 0 | AE16: 0 | AF16: 0 | AG16: 0 | AH16: 0 | AI16: 0 | AJ16: 0 | AK16: 13827270 | AL16: 20157565 | AM16: 17493905 | AN16: 19621757 | AO16: 16098803 | AP16: 18751192 | AQ16: 16693631 | AR16: 20486792 | AS16: 17482340 | AT16: 22416783 | AU16: 20345732 | AV16: 18263818 | AW16: 15546953 | AX16: 19499209 | AY16: 18326283 | AZ16: 18173600 | BA16: 18956720 | BB16: 17308850 | BC16: 18351754 | BD16: 18107629 | BE16: 16753154 | BF16: 17694706 | BG16: 17024423 | BH16: 16156233 | BI16: 19544259 | BJ16: 19139522 | BK16: 15461097 | BL16: 18285388 | BM16: 18249773
A17: 신규 | B17: S249140 | C17: 투고샐러드 대 | D17: 5 | E17: 0 | F17: 0 | G17: 0 | H17: 0 | I17: 0 | J17: 0 | K17: 0 | L17: 0 | M17: 0 | N17: 0 | O17: 0 | P17: 0 | Q17: 0 | R17: 0 | S17: 0 | T17: 0 | U17: 0 | V17: 0 | W17: 0 | X17: 0 | Y17: 0 | Z17: 0 | AA17: 0 | AB17: 0 | AC17: 0 | AD17: 0 | AE17: 0 | AF17: 0 | AG17: 0 | AH17: 0 | AI17: 0 | AJ17: 0 | AK17: 0 | AL17: 3851730 | AM17: 9583748 | AN17: 8510107 | AO17: 5618248 | AP17: 5851850 | AQ17: 8024573 | AR17: 8022314 | AS17: 7423445 | AT17: 7825625 | AU17: 7569505 | AV17: 8012205 | AW17: 5919610 | AX17: 6212795 | AY17: 6891782 | AZ17: 5487522 | BA17: 4683450 | BB17: 5315792 | BC17: 4363895 | BD17: 4365605 | BE17: 3888794 | BF17: 4390087 | BG17: 4639852 | BH17: 4535940 | BI17: 4527780 | BJ17: 3265790 | BK17: 3670470 | BL17: 2474440 | BM17: 3406305
... A125: 기존 | B125: S84927 | C125: 스마트푸드네트웍스_FC | D125: 1 | E125: 253154 | F125: -595530 | G125: 98100 | H125: 54430 | I125: 141017 | J125: 48646 | K125: -342193 | L125: 0 | M125: 360691 | N125: 44165 | O125: 14020 | P125: 724575 | Q125: 94035 | R125: 287503 | S125: 51090 | T125: 377925 | U125: 168647 | V125: 0 | W125: 120210 | X125: -334038 | Y125: 88200 | Z125: 254200 | AA125: 163319 | AB125: 152125 | AC125: 63050 | AD125: 235938 | AE125: 0 | AF125: 493756 | AG125: 92830 | AH125: 209175 | AI125: 139757 | AJ125: 135530 | AK125: -497153 | AL125: 493678 | AM125: 57170 | AN125: 128481 | AO125: 38680 | AP125: 186961 | AQ125: 6800 | AR125: 135571 | AS125: -329332 | AT125: 96600 | AU125: 206477 | AV125: 374421 | AW125: 229705 | AX125: -820263 | AY125: 251516 | AZ125: 175499 | BA125: 628993 | BB125: 118035 | BC125: 196380 | BD125: 203172 | BE125: 249830 | BF125: 189710 | BG125: -839092 | BH125: 86675 | BI125: 21990 | BJ125: 52869 | BK125: -83344 | BL125: 46800 | BM125: 144780

Sheet 월별 매출
A1: 걸개처별 월간 매출 (원) — 출처: Monthly Brand Tracking 시트 [매출]
A3: 구분 | B3: 본점코드 | C3: 본점명 | D3: 월 매출 (원) | N3: 전월 대비 증감률
D4: 1월 | E4: 2월 | F4: 3월 | G4: 4월 | H4: 5월 | I4: 6월 | J4: 7월 | K4: 8월 | L4: 9월 | M4: 1~9월 누계 | N4: 2월 | O4: 3월 | P4: 4월 | Q4: 5월 | R4: 6월 | S4: 7월 | T4: 8월 | U4: 9월
A5: 합계 | D5: =SUM(D6:D125) -> 21750286263 | E5: =SUM(E6:E125) -> 19295447144 | F5: =SUM(F6:F125) -> 20923415382 | G5: =SUM(G6:G125) -> 21599349179 | H5: =SUM(H6:H125) -> 23431970830 | I5: =SUM(I6:I125) -> 22333222631 | J5: =SUM(J6:J125) -> 23465564667 | K5: =SUM(K6:K125) -> 22767166005 | L5: =SUM(L6:L125) -> 21340213998 | M5: =SUM(D5:L5) -> 196906636099 | N5: =IF(D5=0,"",E5/D5-1) -> -0.11286468 | O5: =IF(E5=0,"",F5/E5-1) -> 0.084370589 | P5: =IF(F5=0,"",G5/F5-1) -> 0.032305137 | Q5: =IF(G5=0,"",H5/G5-1) -> 0.084846151 | R5: =IF(H5=0,"",I5/H5-1) -> -0.046890985 | S5: =IF(I5=0,"",J5/I5-1) -> 0.050702134 | T5: =IF(J5=0,"",K5/J5-1) -> -0.029762704 | U5: =IF(K5=0,"",L5/K5-1) -> -0.062675873
A6: 신규 | B6: S240084 | C6: 찌개찝 대 | D6: 28701402 | E6: 27821580 | F6: 28353960 | G6: 28346830 | H6: 26403290 | I6: 25544410 | J6: 22296220 | K6: 18766180 | L6: 18149340 | M6: =SUM(D6:L6) -> 224383212 | N6: =IF(D6=0,"",E6/D6-1) -> -0.030654321 | O6: =IF(E6=0,"",F6/E6-1) -> 0.019135506 | P6: =IF(F6=0,"",G6/F6-1) -> -0.00025146399 | Q6: =IF(G6=0,"",H6/G6-1) -> -0.068562869 | R6: =IF(H6=0,"",I6/H6-1) -> -0.032529279 | S6: =IF(I6=0,"",J6/I6-1) -> -0.12715854 | T6: =IF(J6=0,"",K6/J6-1) -> -0.15832459 | U6: =IF(K6=0,"",L6/K6-1) -> -0.032869769
A7: 신규 | B7: S243775 | C7: 비어프랜드 대 | D7: 0 | E7: 30965320 | F7: 29274310 | G7: 32053920 | H7: 34688730 | I7: 32356980 | J7: 32916450 | K7: 25711290 | L7: 23634020 | M7: =SUM(D7:L7) -> 241601020 | N7: =IF(D7=0,"",E7/D7-1) | O7: =IF(E7=0,"",F7/E7-1) -> -0.054609802 | P7: =IF(F7=0,"",G7/F7-1) -> 0.094950487 | Q7: =IF(G7=0,"",H7/G7-1) -> 0.082199307 | R7: =IF(H7=0,"",I7/H7-1) -> -0.067219238 | S7: =IF(I7=0,"",J7/I7-1) -> 0.017290551 | T7: =IF(J7=0,"",K7/J7-1) -> -0.21889238 | U7: =IF(K7=0,"",L7/K7-1) -> -0.080792135
A8: 신규 | B8: S242492 | C8: 카페차이(대) | D8: 1160912 | E8: 13037856 | F8: 10651352 | G8: 18772924 | H8: 12651485 | I8: 10098495 | J8: 9991242 | K8: 9920770 | L8: 11103634 | M8: =SUM(D8:L8) -> 97388670 | N8: =IF(D8=0,"",E8/D8-1) -> 10.230701 | O8: =IF(E8=0,"",F8/E8-1) -> -0.18304421 | P8: =IF(F8=0,"",G8/F8-1) -> 0.76249212 | Q8: =IF(G8=0,"",H8/G8-1) -> -0.32607808 | R8: =IF(H8=0,"",I8/H8-1) -> -0.2017937 | S8: =IF(I8=0,"",J8/I8-1) -> -0.010620691 | T8: =IF(J8=0,"",K8/J8-1) -> -0.0070533773 | U8: =IF(K8=0,"",L8/K8-1) -> 0.11923107
A9: 신규 | B9: S244336 | C9: 순치킨 (대) | D9: 0 | E9: 50484565 | F9: 45787461 | G9: 37088632 | H9: 34619293 | I9: 21192595 | J9: 20718435 | K9: 12401570 | L9: 4770075 | M9: =SUM(D9:L9) -> 227062626 | N9: =IF(D9=0,"",E9/D9-1) | O9: =IF(E9=0,"",F9/E9-1) -> -0.093040398 | P9: =IF(F9=0,"",G9/F9-1) -> -0.18998278 | Q9: =IF(G9=0,"",H9/G9-1) -> -0.066579404 | R9: =IF(H9=0,"",I9/H9-1) -> -0.3878386 | S9: =IF(I9=0,"",J9/I9-1) -> -0.022373853 | T9: =IF(J9=0,"",K9/J9-1) -> -0.40142342 | U9: =IF(K9=0,"",L9/K9-1) -> -0.61536523
A10: 신규 | B10: S245774 | C10: 찐심맥주 대 | D10: 0 | E10: 500040 | F10: 2040140 | G10: 2232910 | H10: 318950 | I10: 0 | J10: 0 | K10: 0 | L10: 0 | M10: =SUM(D10:L10) -> 5092040 | N10: =IF(D10=0,"",E10/D10-1) | O10: =IF(E10=0,"",F10/E10-1) -> 3.0799536 | P10: =IF(F10=0,"",G10/F10-1) -> 0.094488614 | Q10: =IF(G10=0,"",H10/G10-1) -> -0.85715949 | R10: =IF(H10=0,"",I10/H10-1) -> -1 | S10: =IF(I10=0,"",J10/I10-1) | T10: =IF(J10=0,"",K10/J10-1) | U10: =IF(K10=0,"",L10/K10-1)
A11: 신규 | B11: S90525 | C11: 준코 대분류 | D11: 0 | E11: 0 | F11: 1573034761 | G11: 1594153496 | H11: 1740440845 | I11: 1614729369 | J11: 1779117776 | K11: 1803955703 | L11: 1836670965 | M11: =SUM(D11:L11) -> 11942102915 | N11: =IF(D11=0,"",E11/D11-1) | O11: =IF(E11=0,"",F11/E11-1) | P11: =IF(F11=0,"",G11/F11-1) -> 0.013425473 | Q11: =IF(G11=0,"",H11/G11-1) -> 0.091764908 | R11: =IF(H11=0,"",I11/H11-1) -> -0.072229675 | S11: =IF(I11=0,"",J11/I11-1) -> 0.10180555 | T11: =IF(J11=0,"",K11/J11-1) -> 0.013960811 | U11: =IF(K11=0,"",L11/K11-1) -> 0.018135291
A12: 신규 | B12: S246240 | C12: 와이엔컴퍼니 대분류 | D12: 0 | E12: 0 | F12: 14080648 | G12: 12723674 | H12: 17529520 | I12: 10052667 | J12: 11057677 | K12: 8797793 | L12: 6625365 | M12: =SUM(D12:L12) -> 80867344 | N12: =IF(D12=0,"",E12/D12-1) | O12: =IF(E12=0,"",F12/E12-1) | P12: =IF(F12=0,"",G12/F12-1) -> -0.096371559 | Q12: =IF(G12=0,"",H12/G12-1) -> 0.37770899 | R12: =IF(H12=0,"",I12/H12-1) -> -0.42652925 | S12: =IF(I12=0,"",J12/I12-1) -> 0.099974464 | T12: =IF(J12=0,"",K12/J12-1) -> -0.2043724 | U12: =IF(K12=0,"",L12/K12-1) -> -0.24692875
A13: 신규 | B13: S247530 | C13: 포플로어 대분류 | D13: 0 | E13: 0 | F13: 5715030 | G13: 23658654 | H13: 30928479 | I13: 35604640 | J13: 36565689 | K13: 40736150 | L13: 31556800 | M13: =SUM(D13:L13) -> 204765442 | N13: =IF(D13=0,"",E13/D13-1) | O13: =IF(E13=0,"",F13/E13-1) | P13: =IF(F13=0,"",G13/F13-1) -> 3.1397253 | Q13: =IF(G13=0,"",H13/G13-1) -> 0.30727974 | R13: =IF(H13=0,"",I13/H13-1) -> 0.15119272 | S13: =IF(I13=0,"",J13/I13-1) -> 0.02699224 | T13: =IF(J13=0,"",K13/J13-1) -> 0.11405394 | U13: =IF(K13=0,"",L13/K13-1) -> -0.22533671
A14: 신규 | B14: S247533 | C14: S-파스타픽(대) | D14: 0 | E14: 0 | F14: 499890 | G14: 1011360 | H14: 2046850 | I14: 0 | J14: 0 | K14: 0 | L14: 0 | M14: =SUM(D14:L14) -> 3558100 | N14: =IF(D14=0,"",E14/D14-1) | O14: =IF(E14=0,"",F14/E14-1) | P14: =IF(F14=0,"",G14/F14-1) -> 1.0231651 | Q14: =IF(G14=0,"",H14/G14-1) -> 1.023859 | R14: =IF(H14=0,"",I14/H14-1) -> -1 | S14: =IF(I14=0,"",J14/I14-1) | T14: =IF(J14=0,"",K14/J14-1) | U14: =IF(K14=0,"",L14/K14-1)
A15: 신규 | B15: S248258 | C15: 알쭈 대분류 | D15: 0 | E15: 0 | F15: 0 | G15: 36237310 | H15: 38727330 | I15: 38307290 | J15: 38954690 | K15: 38183840 | L15: 40998640 | M15: =SUM(D15:L15) -> 231409100 | N15: =IF(D15=0,"",E15/D15-1) | O15: =IF(E15=0,"",F15/E15-1) | P15: =IF(F15=0,"",G15/F15-1) | Q15: =IF(G15=0,"",H15/G15-1) -> 0.068714262 | R15: =IF(H15=0,"",I15/H15-1) -> -0.010846087 | S15: =IF(I15=0,"",J15/I15-1) -> 0.016900177 | T15: =IF(J15=0,"",K15/J15-1) -> -0.019788375 | U15: =IF(K15=0,"",L15/K15-1) -> 0.073717049
A16: 신규 | B16: S249566 | C16: 더라프 대코드 | D16: 0 | E16: 0 | F16: 0 | G16: 81197208 | H16: 79093657 | I16: 81520660 | J16: 83219825 | K16: 77817793 | L16: 74971990 | M16: =SUM(D16:L16) -> 477821133 | N16: =IF(D16=0,"",E16/D16-1) | O16: =IF(E16=0,"",F16/E16-1) | P16: =IF(F16=0,"",G16/F16-1) | Q16: =IF(G16=0,"",H16/G16-1) -> -0.025906691 | R16: =IF(H16=0,"",I16/H16-1) -> 0.030685179 | S16: =IF(I16=0,"",J16/I16-1) -> 0.020843367 | T16: =IF(J16=0,"",K16/J16-1) -> -0.064912802 | U16: =IF(K16=0,"",L16/K16-1) -> -0.036570081
A17: 신규 | B17: S249140 | C17: 투고샐러드 대 | D17: 0 | E17: 0 | F17: 0 | G17: 26272669 | H17: 30582386 | I17: 31370630 | J17: 25510995 | K17: 18784776 | L17: 18298562 | M17: =SUM(D17:L17) -> 150820018 | N17: =IF(D17=0,"",E17/D17-1) | O17: =IF(E17=0,"",F17/E17-1) | P17: =IF(F17=0,"",G17/F17-1) | Q17: =IF(G17=0,"",H17/G17-1) -> 0.16403804 | R17: =IF(H17=0,"",I17/H17-1) -> 0.025774444 | S17: =IF(I17=0,"",J17/I17-1) -> -0.18678729 | T17: =IF(J17=0,"",K17/J17-1) -> -0.26365961 | U17: =IF(K17=0,"",L17/K17-1) -> -0.025883407
... A125: 기존 | B125: S84927 | C125: 스마트푸드네트웍스_FC | D125: 0 | E125: 0 | F125: 0 | G125: 0 | H125: 0 | I125: 0 | J125: 0 | K125: 0 | L125: 0 | M125: =SUM(D125:L125) -> 0 | N125: =IF(D125=0,"",E125/D125-1) | O125: =IF(E125=0,"",F125/E125-1) | P125: =IF(F125=0,"",G125/F125-1) | Q125: =IF(G125=0,"",H125/G125-1) | R125: =IF(H125=0,"",I125/H125-1) | S125: =IF(I125=0,"",J125/I125-1) | T125: =IF(J125=0,"",K125/J125-1) | U125: =IF(K125=0,"",L125/K125-1)

Sheet 차트
A1: 차트
